Trade_Date,USDCAD_CALL,USDCAD_PUT,USDJPY_CALL,USDJPY_PUT,AUDUSD_CALL,AUDUSD_PUT,NZDUSD_CALL,NZDUSD_PUT,GBPUSD_CALL,GBPUSD_PUT,USDCHF_CALL,USDCHF_PUT,EURUSD_CALL,EURUSD_PUT,XAUUSD_CALL,XAUUSD_PUT
02.01.06,1063.02,1067.6,1038.53,-18380.82,1168.18,-18040.82,-3950.92,907.93,-26643.78,2001.8,1184.24,-18070.49,1307.44,-9461.82,-1942.83,76.11
09.01.06,1126,1112.87,1270.53,1435.19,1105.48,1024.16,748.18,850.81,1791.83,1843.48,1071.14,1111.47,1192.62,1195.76,73.9,78.14
16.01.06,966.79,941.65,1106.4,1234.24,1058.16,959.82,920.35,-726.26,1049.3,2049.46,1122.8,-4411.06,1197.99,-2214.27,144.15,133.79
23.01.06,1179.1,1193.61,-16651.13,1226.39,994.93,900.45,740.77,888.72,1750.66,31.56,-12581.53,1228.08,-6641.03,1228.53,137.39,119.54
30.01.06,1031.95,1027.49,-877.69,1239.44,677.05,888.79,828.17,982.7,1846.49,-1499.33,1269.03,1275.94,1308.73,1238.22,139.59,121.45
06.02.06,945.03,961.43,1201.32,1289.25,1119.12,977.11,832.71,956.14,1766.39,1861.69,1196.08,1187,1163.48,1079.38,139.98,-1473.6
13.02.06,950.27,917.35,1164.34,1267.43,1057.14,960.78,755.16,894.81,1746.01,1853.3,1030.07,1031.21,1114.83,1067.24,132.71,115.47
20.02.06,987.51,932.35,1009.9,-6114.34,1007.4,918.5,869.21,-325.25,1629.54,1732.87,-1212.34,1113.1,1045.45,1069.87,133.2,130.38
27.02.06,911.1,876.14,-1850.42,1281.33,891.98,796.66,762.01,899.28,1638.84,1710.01,1096.04,-6426.16,966.18,-3742.81,132.7,129.88
06.03.06,-6746.61,959.81,931.69,1204.36,977.83,900.16,783.21,-8317.83,1454.61,-1531.82,333.99,1060.06,1031.86,1105.63,133.03,130.21
13.03.06,877.9,805.79,1081.72,-7113.53,-11085.58,980.81,623.32,-5744.22,-8376.83,1485.77,907.64,-4260.02,932.52,-6367.04,130.78,128.01
20.03.06,1084.26,1013.67,1011.33,1138.7,-8076.66,1036.06,783.3,-7574.58,1163.21,1217.2,-3771.66,1046.39,-3636.55,959.4,132.94,130.12
27.03.06,1040.5,965.78,1283.4,1392.8,1517.77,-1080.41,980.43,1218.7,1406.57,1461.35,1021.89,1065.33,984.69,298.11,-434.24,133.02
03.04.06,1026.61,-9911.93,1180.27,1288.68,1525.45,-6401.73,1112.85,1286.96,1517.6,1581.92,1076.1,1152.55,1048.09,1058.67,140.82,137.83
10.04.06,930.35,895.42,998.71,1097.95,1009.28,-471.66,-3719.59,1062.14,-12068.08,1312.17,821.51,-7307.95,824.4,-1447.16,143.66,140.61
17.04.06,868.23,827.32,1060.55,-14974.14,1253.83,1076.44,814.57,935.27,-2754.8,1593.25,1114.46,1200.73,1053.11,67.04,146.96,143.84
24.04.06,877.19,-12223.04,1356.12,1587.6,1231,-8943.51,593.53,1110.37,-20457.25,1490.13,1019.58,-8921.81,1074.85,-4176.46,-1163,194.79
01.05.06,909.76,953.3,1313.73,-592.25,1351.27,1313.12,1042.79,1134.68,-12668.42,1895.02,1247.22,1345.79,1252.34,1270.11,43.15,205.59
08.05.06,988.02,1006.88,1511.32,1776.96,1464.85,1350.68,1086.62,-1571.08,1648.21,2048.82,1316.25,886.91,1239.61,1238.26,220.38,198.2
15.05.06,1104.9,1122.75,1439,1688.83,1696.73,1512.81,1123.42,1284.49,2420.94,2311.23,1505.95,1554.02,1326.98,1312.74,261.02,254.05
22.05.06,1210.25,1153.11,1541.37,1658.23,1821.63,1571.31,-1157.49,1207.02,2568.34,-3408.35,-3130.06,1500.4,1371.99,1318.52,334.51,328.3
29.05.06,1189.26,1221.49,1398.07,1534.24,1086.18,1335.85,1000.96,1149.42,2243.59,2265.65,1360.71,1275.08,1294.3,1284.19,240.48,225.42
05.06.06,1088.53,1112.46,-7019.84,1503.74,1503.01,1297.77,1046.34,1191.6,2188.89,-9138.2,-7897.98,1505.7,-13320.45,1279.99,227.19,-1038.61
12.06.06,-7468.44,1111.85,895.06,1304.41,-510.69,1108.61,907.72,-2112.65,2084.3,2051,1304.2,1306.91,1237.56,1190.41,215.46,-1764.86
19.06.06,1060.54,1008.98,976.85,1083.04,1381.83,1215.22,1072.04,-750.11,1642.78,-1107.83,1143.21,1169.42,1001.83,1001.99,201.55,187.72
26.06.06,1471.23,1416.54,1144.65,-503.17,1485.99,-253.56,1030.48,1189,558.13,1765.66,1213.95,-2119.9,1184.28,-5177.25,-1246.77,194.37
03.07.06,689.62,1147.25,1128.98,1283.8,1347.16,1175.94,997.51,1133.34,1882.88,1970.59,1201.06,1261.63,1181.31,1190.05,222.68,207.41
10.07.06,383.32,1137.87,-14171.45,1314.62,1227.03,1085.12,-1323.12,1157.14,1602.93,-5277.89,-4128.4,1109.7,-7225.76,988.79,231.71,217.2
17.07.06,1173.88,1101.42,1054.84,1111.18,1162.78,1019.65,835.02,955.91,-14312.87,1788.75,1060.47,1088.27,1040.17,1035.15,238.76,-440.66
24.07.06,1083.62,1010.37,945.82,-5818.36,1013.85,-5911.61,744.29,860.41,863.18,1638.94,889.04,-478.91,925.67,-568,228.41,214.1
31.07.06,1131.02,733.38,1265.86,1423.17,1154.98,1056.58,829.5,929.66,-19207.96,1975.23,1096.66,1151.6,1124.07,1116.16,222.6,204.55
07.08.06,1101.69,1097.46,-3110.08,1236.99,1204.23,1070.59,848.84,949.54,2010.62,603.24,-2886.48,1163.04,440.98,1120.18,223.96,-91.42
14.08.06,1136.79,1134.19,931.71,1034.85,1214.95,1112.08,-3512.56,927.81,1931.6,1929.77,1024.78,-2522.13,1056.01,-2955.6,216.38,199.24
21.08.06,1045.2,1042.76,-3206.71,1034.52,1090.31,965.55,751.68,845.2,1732.84,1647.45,-975.2,990.71,535.5,978.63,216.86,199.69
28.08.06,911.5,904.01,984.49,1094.53,1134.21,-4198.33,-5215.81,932.07,1872.4,1910.66,1179.07,1221.06,1248.41,1210.63,156.03,136.54
04.09.06,-2539.71,997.82,-5173.18,998.54,-14484.43,1043.09,812.23,-3106.27,1698.87,-23453.46,-3485.23,1066.31,-3860.26,887.65,161.79,-1858.18
11.09.06,964.92,946.6,943.98,1077.68,1216.68,1088.11,-15822.58,1059.17,1504.18,1540.61,983.22,1001.15,1036.2,999.59,152.83,125.72
18.09.06,885.3,885.11,902.85,-305.46,1098.39,978.25,1029.72,1140.63,-2860.66,1455.2,1023.23,1051.96,907.77,887.11,152.23,125.11
25.09.06,885.41,884.22,-742.11,1038.71,1018.6,911.3,1049.27,428.46,1341.53,1322.33,928.7,983.35,797.69,804.91,152.93,126.12
02.10.06,1038.04,1036.85,-4769.15,952.51,1179.26,1057.92,1082.4,1225.36,1484.18,-3963.18,-5871.06,935.37,-3423.51,796.52,154.37,-413.71
09.10.06,-2748.39,902.45,813.13,977.1,977.56,-3535.79,912.07,1031.77,1395.81,1365.03,905.74,935.39,809.47,811.19,110.53,123.05
16.10.06,963.27,884.48,815.28,854.37,910.05,821.66,965.76,1087.52,1359.98,1393.9,884.88,880.81,903.47,828.88,154.46,127.04
23.10.06,835.29,771.68,943.76,-5384.2,888.74,-7906.59,931.99,1032.79,-13023.42,1496.52,788.41,-4596.35,729.62,-5485.33,-197.43,124.03
30.10.06,807.04,773.6,863.23,1017.08,875.27,774.99,723.3,825.74,1283.56,1261.57,881.69,869.77,653.8,674.02,-71.76,101.12
06.11.06,736.96,629.71,680.49,824.22,-2361.18,962.44,732.3,-1687.45,1276.89,1238.96,727.28,199.11,565.59,607.14,152.04,123.51
13.11.06,552.13,678.72,817.59,921.02,1021.25,-1741.53,-3604.53,821.93,1490.7,1319.32,900.39,1012.19,688.07,769.54,152.62,124.01
20.11.06,562.92,-4832.01,581.86,-7439.34,790.14,-2389.36,847.03,950.6,-26593.59,1162.41,734.17,-21291.92,681.9,-16992.44,-220.36,66.74
27.11.06,852.73,796.15,897.81,1118.12,934.39,-5315.23,-15329.27,678.07,-22681.34,1696.07,1193.58,1346.06,945.48,-4110.31,100.01,68.6
04.12.06,828.84,771.05,-4828.39,1282.74,1018.36,909.15,912.68,1022.53,2256.06,-2312.28,1230.79,1375.68,1253.75,1367.08,100.9,-469.61
11.12.06,962.91,893.52,414.48,1419.06,1154.56,1050.67,889.39,998.35,2648.83,2468.42,-3745.05,1330.36,167.79,1314.15,102.97,-301.14
18.12.06,1058.8,991.64,780.96,933.18,1284.88,1181.4,-2212.46,861.28,1625.38,1552.81,986.07,1008.03,986.71,938.07,87.09,57.07
25.12.06,850.2,801.09,732.98,851.86,729.64,114.73,718.9,837.47,1514.4,1438.68,884.38,979.4,780.54,795.01,-179.54,51.06
01.01.07,916.67,998.87,629.43,787.94,-3145.53,701.48,760.21,-6327.82,1573.48,-5065.37,-5125.87,1007.05,-4618.49,871.17,90.01,-1670.93
08.01.07,1156.61,1148.11,-5763.92,1075.17,920.08,827.18,484.64,957.95,-9456.67,1485.95,-1100.66,918.24,720.71,733.3,44.29,113.35
15.01.07,-3367.13,804.19,-1847.16,1123.87,951.5,859.17,876,948.06,1691.48,1651.62,914.51,974.43,919.7,922.87,137.54,106.68
22.01.07,862.85,820.61,726.17,779.87,-10364.94,824.96,839.32,932.7,1777.52,1548.04,725.07,788.95,769.58,780.3,139,107.83
29.01.07,999.54,989.64,868.19,44.17,1027.09,904.53,676.26,-2629.87,1704.77,1637.12,843.39,902.74,886.03,886.58,146.19,114.45
05.02.07,573.65,602.48,-3383.15,1055.28,740.08,627.29,721.16,857.08,1223.57,1303.18,712.47,758.8,629.28,653.28,142.36,110.34
12.02.07,879.25,-627.03,1166.92,-6423.29,965.12,-10479.58,-9420.27,974.93,1614.82,1554.32,760.54,-7239.47,679.86,-6154.41,144.97,112.66
19.02.07,766.15,792.07,-327.31,1168.01,803.29,-905.22,-950.45,841.19,1632.91,1573.74,575.7,595.83,634.99,654.11,147.35,114.03
26.02.07,-9166.61,779.9,815.29,-29828.2,-17152.22,731.85,688.82,-25268.54,1476.29,-23303.7,767.11,788.24,351.44,720.26,159.15,-3500.71
05.03.07,899.54,-1379.03,-5226.76,1376.09,1217.01,-4285.96,-5251.49,1431.1,1843.79,1866.92,1197.32,1225.62,994.02,995.54,146.22,116.09
12.03.07,879.38,920.83,1222.4,1451.12,992.43,-7738.29,759.67,883.91,1564.16,1581.63,855.92,-625.93,844.68,-192.16,160.31,129.84
19.03.07,789.06,-5010.44,1136.1,1451.59,1247.8,854.62,-4170.01,993.77,-4397.48,1800.84,1074.31,1132.1,826.83,896.53,146.73,115.33
26.03.07,904.65,948.97,979.48,1222.12,1116.78,271.76,938.93,1029.08,1624.18,1618.65,888.48,931.68,689.59,756.8,150.78,118.11
02.04.07,651.24,659.53,-1063.49,1510.79,1278.44,1142.12,885.38,984.76,1678.46,1010.24,873.13,946.76,694.96,764.21,113.15,81.19
09.04.07,680.01,-10152.66,1053.97,1305.77,1275.37,-9109.57,-10447.27,935.61,-10010.45,1626.85,844.54,-432.56,626.23,-5505.64,-169.29,97.7
16.04.07,903.65,935.57,850.9,1120.26,1130.6,1061.55,1166.45,1254.89,1650.7,1465.05,747.49,844.57,649.1,735.11,162.07,127.92
23.04.07,848.5,-2154.88,1039.69,1352.41,1209.53,1047.64,1143.6,1266.98,1861.75,1833.97,610.8,689.78,664.34,740.06,161.86,127.69
30.04.07,839.63,876.68,986.61,1258.98,1265.58,1154.67,1078.18,1205,1398.81,1376.19,771.64,895.32,762.13,813.79,128.87,94.29
07.05.07,885.73,929.85,788.1,1051.25,1018.12,-800.68,912.42,1017.41,1432.81,1383.71,851.18,938.85,718.41,737.54,109.05,-757.37
14.05.07,889.71,-9590.63,-2727.41,1126.08,-5749.51,1035.75,875.17,966.86,1193.57,1306.04,-1971.48,813.89,-852.58,617.36,121.73,88.43
21.05.07,834.16,888.52,643.96,917.13,922.22,840.75,620.55,713.38,979.3,1098.38,689.08,685.18,641.97,581.97,105.77,72.33
28.05.07,791.67,-12466.04,630,900.79,931.24,-7541.17,-12072.74,934.31,1007.11,996.71,663.4,697.28,679.62,649.82,-171.33,71.56
04.06.07,948.37,1019.19,669.55,889.04,937.94,54.19,865.86,946.15,1415.37,-10803.26,-5403.72,649.72,-4532.81,548.81,101.92,-1016.92
11.06.07,-2613.11,1139.47,-7649.29,1185.01,1070.1,976.62,916.1,1016.61,1349.06,1617.34,707.44,731.29,788.54,737.71,104.4,71.12
18.06.07,1086.54,1124.14,672.39,861.78,1018.4,879.49,-3868.65,1072.63,-3186.65,1081.15,640.74,-3552.35,687.33,633.14,114.45,81.58
25.06.07,940.79,-1359.13,864.49,999.56,1133.43,-1554.46,-4625.67,957.53,-2577.62,819.23,579.75,-5297.52,620.77,-2956.48,110.96,103.86
02.07.07,1219.76,1292.74,357.08,1214.33,1158.95,1061.96,983.12,1091.52,1525.81,1488.36,652.84,705.25,737.62,720.67,103.59,93.77
09.07.07,1010.73,1084.74,733.85,-2866.62,1100.51,-6422.65,-1175.78,1074.15,-9885.89,1201.09,611.68,-4435.22,784.03,-5493.12,103.92,94.38
16.07.07,992.1,1066.81,819.68,1069.99,1138.02,-3473.69,943.99,1052.35,-6521.58,1255.78,756.01,910.6,729.56,806.11,-628.09,94.84
23.07.07,-8370.94,1017.63,905.87,-8488.39,-24075.84,981.76,1058.75,-31951.12,1528.1,-19592.59,610.79,757.83,-2918.93,661.91,103.22,-1027.51
30.07.07,1194.75,-425.25,1264.39,1702.41,2161.77,1827.46,1717.23,1981.84,1724.42,1753.17,782.81,-3613.87,983.5,963.82,100.69,98.98
06.08.07,1333.59,1344.17,1297.7,1669.32,-4646.24,1347.55,1218.41,-12772.21,1865.67,1939.56,987.12,1080.31,-2635.08,792.36,101.82,99.95
13.08.07,1258.58,1274.65,1509.65,-9812.1,-32596.85,1256.04,977.23,-28171.62,1921.07,-5884.84,1135.02,1143.38,-883.08,793.29,82.26,-373.91
20.08.07,1468.58,1450.03,2158.33,2988.21,2481.15,-10537.3,-7733.55,2136.06,-9310.11,2134.25,991.12,982.7,988.98,-3230.05,142.19,142.64
27.08.07,1434.4,1422.73,1551.88,2142.83,1985.94,1419.76,189.06,-8054.16,1551.47,1778.31,922.95,1015.35,927.8,856.31,98.2,97.28
03.09.07,1446.08,1420.92,1595,2397.96,2396.1,1586.98,804.68,1386.56,1704.5,2143.51,1016.7,-6208.31,965.9,-2657.38,-1528.43,108.42
10.09.07,1439.46,-8903.13,1588.87,2425.12,2111.29,-970.11,-243.17,2147.4,1635.55,-4034.46,1179.57,1210.47,964.17,972.2,180.57,182.14
17.09.07,1487.4,-11997.23,1650.05,2099.33,1580.78,-24892.81,-26575.04,1242.74,-4566.67,2570.9,1275.74,1367.2,885.43,-6058.26,171.63,172.58
24.09.07,1344.04,1326.59,715.64,1513.24,2009.56,-9031.25,-4219.8,1312.76,-1665.67,2069.33,1019.05,1133.45,875.39,969.19,193.49,180.5
01.10.07,1265.4,1248.16,-3397.31,1695.28,1956.78,1546.11,1123.32,1764.8,1880.9,2329.11,-3245.68,1140,-315.81,1066.8,182.98,168.93
08.10.07,1341.84,-1037.63,1202.7,1499.79,2055.37,1526.79,831.78,1456.79,1719.52,2162.38,1073.68,1161.75,1003.84,-2703.37,-516.49,157.17
15.10.07,1448.94,1474.49,857.73,-17143.26,-3360.14,1275.56,1269.04,-4563.23,1678.55,2120.7,966.22,953.86,982.91,911.94,172.31,156.39
22.10.07,1651.26,-3087.44,1676.99,2314.35,2502.64,-18258.28,-5390.12,2121.2,-5136.13,2366.45,1345.37,1385.85,1005.63,-3853.69,-1500.57,155.42
29.10.07,1539.33,-6547.61,1577.96,2014.21,2271.01,1844.99,1909.51,2195.89,2357.54,2561.07,1377.88,1416.45,1307.26,1239.17,264.4,249.58
05.11.07,-11087.27,1595.45,1308.06,-28096.24,-18645.34,1845.6,1780.58,-3894.93,2209.91,2392.18,1178.51,-10715.98,1132.44,1047.68,259.27,244.34
12.11.07,2023.64,1787.72,2337.83,3176.39,2634.1,2066.09,752.71,1104.13,3031.59,3276.48,1453.42,1559.13,1674.36,1538.55,311.5,298.28
19.11.07,1930.28,1766.57,1369.45,2114.09,2391.16,1933.03,1563.39,1875.3,2429.62,2729.37,1370.32,1445.88,1259.54,-456.33,-2048.4,245.12
26.11.07,2103.1,1940.16,-10163.71,2255.07,2797.35,2304.15,74.92,2190.16,2552.16,2821.99,-14368.6,1422.86,-1893.45,1164.45,327.55,-1428.3
03.12.07,2427.59,2267.38,1879.77,2235.28,2050.26,1660.14,-1551.86,1572.27,2504.68,3061.8,1517.76,1577.41,1459.72,1266.36,268.87,246.45
10.12.07,1589.67,1510.21,-103.04,1726.5,-12599.91,1651.85,1327.2,-13636.16,2005.25,-1195.33,-10679.87,1359.2,-10165.24,1193.01,268.19,248.82
17.12.07,2031.19,706.11,488.8,1715.32,2134.13,1784.84,705,1454.86,2660.45,-12377.69,1769.9,1765.01,1567.37,1346.66,235.51,216.76
24.12.07,1637.53,1639.65,1015.69,-10516.76,2066.36,1777.17,1482.9,1687.38,-1397.85,2824.35,1559.23,-11490.93,1488.32,-8306.04,-65.46,224.41
31.12.07,1567.59,1583.31,1024.63,-8555.86,1807.47,1623.12,1324.06,1499.75,2214.4,2700.1,1425.58,-4123.2,1303.01,1126.21,283.9,268.24
07.01.08,2059.88,2004.27,1489.96,2045.7,1975.44,-13920.93,-7512.25,1419.82,2390.85,2847.79,1452.32,-6715.38,1456.6,-270.73,-1680.86,294.63
14.01.08,1808.59,1735.73,1543.08,2267.51,-24347.02,1567.2,1032.56,-28350.65,2229.52,2551.16,1403.76,1480.84,-12786.93,1261.64,359.61,-347.4
21.01.08,1769.61,-10779.55,1373.09,1999.07,2119.67,-6528.29,-13725.11,1791.52,-18443.35,2817.45,1630.21,515.35,1538.78,-8388.89,-2758.72,215.58
28.01.08,1614.14,1595.47,1802.66,2257.25,1928.11,-4866.83,-4032.09,1873.03,2344.7,2657.47,1503.63,1607.49,1512.51,1341.92,383.6,-99.8
04.02.08,1718.79,1700.34,1405.74,1715.67,2078.17,1782.54,1437.07,1642.47,2105.99,-3249.69,1300.06,1588.96,-8889.02,1091.05,345.08,343.77
11.02.08,1717.56,1683.86,1717.56,1956.14,1972.14,1696.89,1360.04,1549.26,2418.41,2735.48,1573.4,1748.35,1449.91,1256.15,368.89,355
18.02.08,1738.24,1678.7,1464.64,1666.22,1873.31,1616.43,-499.51,1744.81,2050.67,2350.75,1323.75,-1631.47,1388.84,-113.04,-1272.45,323.63
25.02.08,1640.23,1626.34,1469.76,-34218.38,1991.89,1739.99,1471.28,1647.39,-5962.09,1992.13,1269.33,-41004.28,1265.89,-18884.99,-1245.74,340.36
03.03.08,1876.78,1802.41,1919.43,2463.03,748.81,1818.37,1862.05,2117.06,-10291.53,2488.47,1711.33,-1213.3,1545.3,1428.25,390.82,361.59
10.03.08,1909.26,1891.15,1971.13,-23454.67,2087.52,1784.92,1458.56,1697.46,2223.34,2436.19,1880.84,-10917.95,1531.91,-11037.78,405.85,381.89
17.03.08,-6052.61,2114.28,-5566.67,3335,2405.96,2099.36,1702.93,1927.44,2606.48,2856.61,-8213.24,2545.26,-144.06,2014.98,433.26,-4854.66
24.03.08,1925.67,1825.32,2253.77,2801.5,2088.92,1806.79,1158.61,1193.75,2659.15,2901.26,2075.91,-3810.44,1914.12,-8795.46,0.01,0
31.03.08,1760.43,-128.06,-6855.05,2993.22,2183.91,2022.93,1808.45,1911.27,2473.05,2796.68,-1739.7,2375.9,1874.69,1731.98,393.55,334.8
07.04.08,1619.29,1581.79,1828.85,2257.45,1691.19,1534.07,1384.46,1487.96,2062.16,2396.07,1795.63,1967.56,1560.58,1396.68,378.84,332.45
14.04.08,1609.18,-1366.99,-3823.97,2672.42,1876.88,-1191.26,1289.18,1477.84,2017.95,2329.78,1938.47,2072.87,1592.56,1481.06,346.05,327.57
21.04.08,1682.92,1664.96,1897.27,2206.9,1500.16,1386.99,1106.15,1207.27,2178.38,2589.86,-8301.1,2051.64,-4328.01,1497.81,325.41,196.04
28.04.08,1705.37,1642.48,1714.35,1988.43,1531.53,1376.49,1164.85,1309.22,2199.24,1039.38,-2759.43,1964.34,1556.13,1407.9,281.9,202.82
05.05.08,1494.91,1456.76,1274.94,1513.71,1472.9,1320.27,1038.4,-5296.87,1998.98,2268.06,1614.73,1767.16,1397.06,1243.88,252.51,244.47
12.05.08,1563.87,264.81,1724.03,2106.83,1559.34,1363.48,1288.86,1454.72,2069.73,2357.94,1653.75,1829.72,1512.1,1374.19,181.46,229.32
19.05.08,1424.26,1413.7,1479.61,1789.68,1500.36,1284.62,-5032.9,1268.24,-13214.92,2137.05,1464.65,-12451.02,1324.4,-5274.67,278.76,265.82
26.05.08,1296.99,1321.88,1630.89,1987.3,1402.18,1279.36,1087.34,1184.73,1909.45,2052.62,-3701.31,1696.8,-3980.87,1227.68,271.14,-1632.46
02.06.08,-7839.43,1433.65,-1228.63,1909.05,1436.52,1290.49,1097.6,-9283.41,2083.23,2297.64,1466.79,1684.45,1298.07,1233.22,238.43,231.61
09.06.08,1415.38,1360.97,-2175.17,1986.94,1513.33,1357.9,1256.2,1441.23,2038.78,2227.03,1817.28,2121.52,1554.35,1523.68,262.74,256.15
16.06.08,1304.76,1250.81,1462.44,1676.3,1365.06,601.32,1056.72,1228.29,1989.99,2274.46,1725.64,1901.05,1562.8,1416.12,272.74,269.3
23.06.08,1297.15,1286.77,1317.16,-3440.9,1317.54,1180.25,933.03,1064.83,-10384.23,2114.82,1600.52,-10192.2,1383.41,-4410.55,-1985.79,262.75
30.06.08,1198.27,1195.43,-185.62,1998.56,1327.12,1198.86,919.43,1108.63,1981.82,-2242.51,1617.14,1855.55,1342.74,1280.92,288.91,277.31
07.07.08,1338.91,419.24,1249.24,1642.65,1220.13,-4009.11,896.49,1051.29,1906.37,2124.21,1443.84,1680.61,1232.84,1169.01,-892.1,257.58
14.07.08,1261.92,1249.27,1418.78,1865.3,1252.43,1146.24,970.1,1097.56,1902.19,2042.5,1681.54,1898.88,1411.03,1393.52,270.62,255.54
21.07.08,-9995.04,1098.71,845.57,1801.2,-8244.85,1110.61,1048.43,-5668.33,1713.52,1804.79,-3459.64,1648.03,-552.82,1126.96,261.4,-1206.15
28.07.08,1099.8,1086.77,1245.51,1639.22,-12519.74,1060.51,865.4,-1780.25,1812.8,-5237.68,643.98,1611.46,1077.08,1099.93,269.67,21.52
04.08.08,-16343.87,1161.78,-3581.61,1526.81,-29212.75,1235.51,955.85,-14979.55,1774.14,-23124.47,-16726.21,1510.3,-26380.96,1063.22,230.2,-1422.43
11.08.08,1348.59,1229.26,1201.11,1473.07,2024.83,1670.25,-3809.46,1435.5,2511.54,-18045.59,1697.08,1825.7,1821.78,1608.89,247.09,-159.45
18.08.08,1361.52,-5001.69,1218.34,1545.7,2048.25,1771.23,1391.91,1555.26,2277.5,2679.63,1467.26,1520.59,1566.84,1373.96,311.21,323.17
25.08.08,-2321.11,1221.49,1174.02,1532.1,1957.15,1775.23,1239.84,1351.79,2346.41,-25198.24,1535.04,1642.05,1536.28,1419.52,313.67,322.9
01.09.08,1412.2,1332.9,1570.32,1989.38,-16791.44,2077.52,1373.08,-8105.04,2679.6,-10236.77,-8470.97,1819.86,-13330.35,1525.14,277.84,277.23
08.09.08,1601.06,1510.13,1886.8,-3430.78,3068.18,2584.84,1829.01,2086.73,-17.95,3781.89,2181.26,2320.83,2405.09,2095.11,300.85,309.66
15.09.08,2049.84,-10743.75,2912.89,3456.91,3898.84,-7979.67,-11592.17,2543.43,-5945.06,4461.5,2668.48,2807.34,2898.16,-1915.41,-4962.13,433.82
22.09.08,1981.81,1978.61,2538.84,2996.76,-472.54,3566.45,2440.32,2730.25,4252.82,-10822.79,1948.36,2875.88,-2817.28,2620.13,616.45,623.61
29.09.08,-28970.04,2044.22,2783.06,3410.24,-50103.83,3380.2,2219.17,-8083.28,4616.09,-12311.33,-18331.99,3218.68,-33848.32,2988.21,541.3,561.24
06.10.08,-33046.78,2388.24,3870.02,4689.17,-17978.98,5019.66,3173.31,1531.33,5328.94,5947.7,3478.8,3499.21,3861.27,3309.89,605.88,663.8
13.10.08,-2934.78,3366.11,3881.25,4967.18,10177.98,7479.78,4200.73,5073.85,5580.22,6441.54,3488.19,3543.85,3957.46,3467.77,645.82,688.36
20.10.08,-40906.81,3001.56,2507.62,-58885.54,-75284.87,5346.79,2667.18,-50514.47,4279.67,-127350.85,2403.09,2451.61,-42010.03,2628.13,488.79,-2153.87
27.10.08,5095.92,-45283.26,-6125.87,7729.62,9571.1,-43466.37,-10456.47,4376.81,6994.45,8440.56,3520.79,3496.64,5886.93,4650.6,444.94,516.26
03.11.08,4372.11,3933.06,4098.64,5379.71,7760.73,5551.92,2740.38,3534.93,6965.43,8130.08,3081.92,3116.5,5066.58,4232.11,414.83,460.11
10.11.08,3700.77,3475.75,2960.55,4331.51,6639.12,4725.42,2434.84,3163.76,5442.5,-609.5,2190.43,2179.32,3850.56,3299.11,274.59,291.92
17.11.08,4533.45,4106.51,3775.84,5299.96,7724.5,5396.01,2908.63,3769.98,6311.29,7529.71,2095.38,2126.95,4069.48,3452.02,-2882.18,383.02
24.11.08,3625.62,3175.56,2775.36,148.73,6676.84,4759.26,2370.45,3072.51,5018.27,5982.09,2563.61,2534.58,3440.29,2942.04,467.99,497.51
01.12.08,4431.03,4094.02,2999.26,4334.83,5609.19,3987.91,1897.99,2577.96,5036.87,5903.72,2928.02,2937.71,4097.11,3530.31,341.85,346.23
08.12.08,3720.6,3380.76,2031.24,3178.65,4568.18,3156.8,1583.16,2191.59,4232.2,5235.1,2073.76,-13914.57,2909.35,-21254.84,-840.79,319.35
15.12.08,4357.89,4160.54,2750.74,3830.98,4555.78,3248.08,-4519.92,2219.88,4647.21,-2923.63,2567.22,-32665.77,3503.09,3221.62,322.7,310.96
22.12.08,3607.58,3529.39,1457.24,2520.4,3846.42,3112.22,1669.71,1908.25,4233.82,4767.94,2908.35,-15501.24,2896.13,2695.66,325.19,304.97
29.12.08,2677.02,2592.42,-7060.27,2667.96,3446.3,-13582.24,708.84,1689.52,3890.18,4435.39,-8399.19,3201.34,3428.25,3211.5,401.31,379.4
05.01.09,3231.76,3204.49,2301.55,-12851.18,-3778.87,3838.34,2107.15,2361.07,4554.58,5172.87,3657.3,3928.85,4142.17,3746.86,331.1,305.87
12.01.09,148.16,3158.85,2165.51,2836.85,4152.18,3397.46,1930.84,-12675.29,4403.5,4850.31,3151.24,3336.86,3399.72,3075.42,265.03,255.32
19.01.09,3180.08,451.59,2019.96,2710.43,4299.8,3483.89,2077.37,2441.01,4164.75,-8147.5,2585.22,2739.81,3267.07,2997.84,-3246.64,244
26.01.09,3081.87,2985.56,2665.8,3491.95,-6585.67,3390.24,2142.67,-4705.38,4732.72,5701.91,1937.05,2638.08,-774.44,2979.68,333.81,330.73
02.02.09,3059.83,2950.45,2627.17,3165.79,4425.33,-37337.03,-15796.71,2547.3,-24015.13,5197.54,2368.02,2460.58,3141.21,2875.53,320.33,314.96
09.02.09,2356.64,2460.53,2059.78,2532.88,-5643.37,3245.52,2074.55,1523.24,3706.13,-20707.86,1955.66,2040.35,2731.3,2556.72,-643.73,264.08
16.02.09,2632.38,2534.65,-7061.33,2421.13,4053.82,3327.82,1764.59,2067.51,3979.42,4734.57,2155.2,2230.17,2706.2,2501.27,287.49,282.7
23.02.09,-3288.85,2488.5,-7682.9,2648.13,3630.16,3109.57,1690.66,1911.63,3585.32,-3098.95,2309.14,2397.61,2868.4,2629,325.15,-182.07
02.03.09,2893.17,2697.89,2809.31,2969.81,3124.62,2713.75,1478.95,1661.66,3645.57,4218.24,2046.55,2140.9,2581.94,2386.99,301.17,290.72
09.03.09,2646.52,-1183.08,2294.17,2519.1,2873.14,-19216.2,-23300.22,1501.33,-2282.41,3804.26,-3696.2,1866.04,2215.37,-11861.89,276.14,268.01
16.03.09,2440.8,-7404.25,2295.29,2645.33,2926.16,-26730.76,-20468.18,1503.91,-9865.19,3911.19,2136.45,-23497.56,2438.05,-17086.29,233.15,227.58
23.03.09,-2990.3,2303,2398.95,2898.26,-5849.31,3168.28,1916.52,1919.43,3726.1,-4324.94,-1915.7,2365.33,-12556.12,2726.2,314.08,295.55
30.03.09,2334.07,2262.24,-7405.53,3170.38,3162.77,-12878.49,-4878.94,1914.16,-18291.02,4118.79,2432.56,2502.54,3086.44,2910.69,282.07,-326
06.04.09,1968.53,1906.5,2047.17,2182.9,3086.32,2921.72,1855.68,1954.09,2959.32,3102.1,1684.62,1823.72,2180.28,2149.1,271.17,263.18
13.04.09,1748.4,1701.28,1948.29,2242.77,-10527.43,2905.34,1715.33,-16020.46,2612.85,-1500.67,-16671.05,1776.72,-14147.78,2042.54,159,144
20.04.09,2337.07,-574.3,2005.78,2387.91,3144.07,2362.23,1554.91,1769.95,2649.79,2833.08,1603.23,99.94,1971.24,1835.09,128.38,116.76
27.04.09,2031.47,-15488.54,-7993.57,2442.35,2645.58,-13618.29,1485.93,1651.52,-1377.17,2814.27,1616.79,-400.77,1944.99,-603.79,180.4,161.14
04.05.09,2194.87,2202.82,1776.42,1957.48,2740.88,13.02,-11152.72,1683.6,2812.71,3029.51,1749.44,1659.46,2026.46,2044.25,142.48,123.43
11.05.09,2057.45,2076.74,1643.91,1642.38,2696.29,2451.13,1634.11,1789.78,2643.25,2825.66,1587.56,1745.41,2026.17,2022.58,121.34,100.62
18.05.09,2024.34,-12467.46,1789.32,2147.98,2814.67,2497.72,-7356.97,1762.02,-28047.34,2880.74,1373.14,-11583.62,1639.4,-15189.67,-1219.82,141.57
25.05.09,2489.11,-11268.09,2005.86,2437.14,2896.92,-7717.48,-10748.65,1897.49,-15755.45,3485.14,2007.63,2156.74,2189.61,2262.83,213.68,195.52
01.06.09,-2610.68,2569.09,365.19,2286.84,-2679.98,2791.16,1900.62,-13632.68,3869.35,-18419.65,-4055.1,2184.04,-1897.68,2319.44,265.93,242.72
08.06.09,2351.12,2334.31,2106.77,2311.7,3199.61,2879.16,1902.7,2059.33,3781.81,4155.81,2001.52,2031.92,2277.07,2088.58,225.48,195.56
15.06.09,2450.3,2396.6,1657.94,-2210.01,2995.41,2711.03,1969.02,2125.8,3557.36,3670.27,1673.85,1823.01,1928.79,1840.21,179.78,160.79
22.06.09,2441.62,2386.79,1948.26,2282.71,2999.28,2689.63,-34.31,1952.56,3382.81,3533.95,1684.85,1851.39,1906.46,1853.8,198.52,178.55
29.06.09,1934.28,1905.54,1712.51,1962.1,2651.7,2423.09,1521.2,-5639.22,3099.92,-4720.33,1611.72,1751.1,1778.46,1799.04,211.5,193.98
06.07.09,1938.7,1919.61,1638.14,-14084.57,-7928.45,2022.37,1386.02,1538.6,2531.53,2715.58,1336.59,1445.73,1447.44,1428.8,163.16,137.25
13.07.09,1815.23,-20561.33,2013.84,2369.89,2349.18,-15855.25,-6829.92,1620.88,2653.45,2960.13,1258.79,1322.74,1527.87,-1992.93,-1198.52,142.29
20.07.09,1797.38,-2882.98,1725.92,1967.67,2029.99,1840.09,1270.81,1460.38,2279.19,2548.65,1366.02,1448.11,1462.88,1497.39,175.51,160.73
27.07.09,1901.87,1962.3,1435.77,1609.66,1753.64,-4730.8,1176.46,1329.2,-12125.79,2490,1097.24,1202.79,1286.91,1329.9,161.5,147.26
03.08.09,1261.31,1942.55,-4345.98,1753.21,2194.74,1922.66,1386.53,1572.89,2655.65,-8809.95,-7605.93,1541.78,-1467.11,1620.3,131.91,115.08
10.08.09,679.57,1939.59,1902.36,-7412.94,-781.24,1770.13,1193.52,1337.43,2693.09,2934.11,1398.52,1416.09,1549.51,1480.35,146.6,119.43
17.08.09,1783.95,-13174.19,1984.1,2182.28,2506.74,-4569.14,-5128.52,1623.27,2361.71,2638.91,1274.05,-2721.21,1521.97,-2655.97,150.12,134.09
24.08.09,-7477.2,1902.5,1552.94,-362.11,2012.08,1730.37,1086.66,1285.13,2314.65,2605.36,1123.76,1162.56,1347.2,1323.72,146.44,131.14
31.08.09,1969.94,1838.03,1787.09,1932.35,2424.17,2101.71,1292.1,1492.12,2372.96,2641,1226.22,1267.84,1358.99,1346.35,-2311.58,138.89
07.09.09,1910.73,1878.88,1458.06,-10228.88,2117.1,1863.63,1332.5,1495.37,-1723.12,2493.78,1195.54,-10908.13,1355.89,-6478.88,267.86,230.16
14.09.09,1919.5,1899.76,1110.96,1844.95,2111.68,1858.42,1213.61,1384.59,2208.77,-15331.15,1235.84,1333.4,1391.38,1380.54,257.53,230.72
21.09.09,1915.48,1888.23,1636.71,-10784.04,1883.51,1680.06,1088.31,1205.57,1997.99,-13389.57,1209.04,1282.97,1340.8,1290.26,251.52,224.36
28.09.09,1973.76,1939.09,2059.71,2245.2,2086.78,1805.19,1295.16,1471.49,2354.05,2835.09,1380.45,1413.37,1509.93,1443.29,199.43,187.9
05.10.09,1818.33,-16862.96,1636.18,1755.74,2340.4,-11652.15,1467.79,1622.84,1943.27,2373.04,1271.33,1278.2,1199.72,1104.51,-1279.44,161.69
12.10.09,1991.13,2001.54,1580.11,1920.42,2134.22,1891.98,1446.18,1561.02,-28045.66,2516.82,1225.38,1238.67,1251.02,1178.19,289.09,249.93
19.10.09,-5072.06,2012.37,1135.16,1880.79,2147.24,2026.5,1519.26,1604.24,2544.55,2760.39,1264.19,1313.78,1273.05,1238.59,211.77,171.05
26.10.09,2183.87,2101.34,1740.09,-5221.45,1959.28,1834.01,1497.57,-10553,2596.26,2756.78,1391.23,1379.17,1399.1,1222.1,187.27,161.27
02.11.09,2411.22,2265.95,1925.71,2032.78,2748.95,-5650.52,-3975.07,1905.44,-7146.61,3120.18,1743.25,1612.22,1762.76,636.76,-2375.11,181.84
09.11.09,2055.79,1949.73,1570.71,1643.72,2017.96,1846.06,1379.78,1526.07,2400.97,2679.13,1514.81,1457.81,1466.09,1334.69,267.51,255.03
16.11.09,1856.65,1769.99,1323.73,1400.47,1792.13,1654.63,1302.38,1432.33,2043.39,2295.19,1173.43,1097.96,1220.15,1103.5,84.79,250.64
23.11.09,1775.95,1633.16,1131.53,-14089.82,1941.67,1666.92,1196.04,-2173.22,1812.85,2041.21,1146.49,1080.57,1209.17,1083.41,282.26,271.5
30.11.09,2101.46,1943.6,-20089.24,2148.27,2482.37,2155.55,1531.51,1763.04,2267.01,2591.38,1221.83,1469.71,1688.77,1428.73,346.41,-622.38
07.12.09,1945.99,1803.22,1821.63,1784.88,1979.3,1782.23,1384.52,1543.53,1842.19,2139.03,1282.39,1155.89,1422.5,1181.02,427.9,421.26
14.12.09,1870.86,1726.82,-6182.98,1922.14,-19428.65,1394.34,1182.51,-4871.77,1825.13,-79.68,1251.23,1149.76,-8937.43,1140.22,353,353.14
21.12.09,1619.33,-789.4,1807.1,1742.64,1410.11,1207.95,962.78,1131.31,1547.89,1952.45,1211.03,210.63,1355.17,1122.56,297.08,294.94
28.12.09,1247.02,1096.53,1565.68,1564.92,1510,-10246.09,-10931.34,1144.65,1570.07,1972.4,1136.79,1024.02,1291.99,1035.32,292.86,259.76
04.01.10,1524.38,1394.58,1761.14,1709.01,1774.56,-2553.52,1214.02,1333.24,2107.85,2536.5,1337.51,128.48,1463.93,1222.24,-122.76,291.62
11.01.10,1427.57,1312.64,1596.69,1622.75,1680.87,1558.94,1120.91,1218.74,523.53,2200.83,1245.64,1128.86,1365.97,1206.79,289.53,284.08
18.01.10,-17858.42,1205.98,1387.34,1483.18,-7243.58,1449.07,969.49,-12324.06,1796.31,2040.77,-2324.99,1149.15,-2841.79,1147.85,246.89,-1214.22
25.01.10,1709.64,1489.7,1686.48,1795.71,-3451.77,1679.64,1232.88,1399.8,1972.9,-8380.68,-3086,1248.3,-1457.92,1271.75,275.47,277.21
01.02.10,1645.02,1470.87,1718.51,1788.96,-5469.66,1868.62,1212.74,-6138.99,2069.63,-12737.28,-1689.57,1223.43,-4791.56,1306.78,253.42,-1259.16
08.02.10,1541.14,-10971.66,1503.59,1675.87,2217.35,-10580.41,-2630.43,1403.28,2367.43,2744.83,1496.67,1389.4,1851.3,1466.73,-589.2,298.25
15.02.10,1413.07,1253.28,-431.83,1493.45,1836.34,1557,997.02,1173.11,1774.41,2218.17,1321.15,1193.51,1600.9,1265.07,285.52,303.51
22.02.10,1220.86,1059.63,1374.3,-7295.67,1911.57,1632.61,1020.52,1194.39,1872.7,-33689.14,1226.58,1091.98,1549.19,1254.21,290.59,300.47
01.03.10,1550.35,-796.17,786.1,1517.58,2157.59,1834.84,1081.62,1268.71,2546.84,3148.73,1507.27,1360.68,1764.49,1441.62,229.83,232.39
08.03.10,1326.06,1203.92,1390.16,1394.89,1585.59,1329.81,1030.27,1214.22,1886.74,2361.81,1299.26,57.88,1493.04,1264.89,200.25,203.18
15.03.10,1362.22,1266.87,1445.83,1419.09,1460.39,1230.93,854.87,1012.06,1758.28,2208.34,1250.11,1156.41,-570.24,1216.6,202.66,206.96
22.03.10,1375.67,1203.09,-13353.28,1357.63,1545.36,1235.95,858.57,1070.29,1990.03,2399.5,1404.25,1322.7,1564.25,1301,173.87,181.35
29.03.10,1294.19,-5582.34,-5391.87,1507.32,1474.42,1125.87,795.29,1051.85,-10663.53,2440.62,1349.34,1250.77,1631.67,1357.3,167.28,184.2
05.04.10,1236.4,1056.27,1414.2,1455.93,1531.01,1216.69,-83.54,987.41,1866.56,2203.12,1177.08,1081.84,1399.72,1192.62,-769.91,197.75
12.04.10,-2622.79,1022.23,1188.5,1302.58,1305.75,1077.57,743.17,937.37,1611.27,2075.61,1251.65,1176.23,1489.04,1322.78,205.82,69.3
19.04.10,1453.56,-1443.81,-5755.37,1345.12,1602.65,1206.65,-2338.49,1139.02,2000.2,2291.34,-86.64,1140.24,986.28,1197.03,195.18,200.61
26.04.10,1412.5,1263.27,1389.68,1412.78,1530.67,1204.4,874.4,1122.62,2024.28,2274.05,1357.13,1249.32,1650.46,1392.27,-568.25,166.93
03.05.10,-846.14,1270.57,1369.43,-415.25,-8565.23,1310.9,869.51,1096.61,2447.64,783.43,-3410.88,1201.96,-7623.12,1420.37,242.74,238.88
10.05.10,2130.37,1751.18,1804.35,2045.75,-2953.76,1426.08,1055.74,-5842.98,3270.61,-2321.76,466.33,1876.99,-7730.83,2229.3,308.54,311.86
17.05.10,-3584.46,1756.15,1511.32,-7259.94,-30643.4,1616.11,1196.06,-6810.16,3009.24,3753.59,-5578.66,1676.63,2717.8,2166.86,320.84,-148.22
24.05.10,2244.75,1684.22,1487.11,1990.11,2764.6,1890.72,1003.71,1481.1,2607.44,3384.78,1268.17,1148.27,2281.16,1863.53,333.61,335.75
31.05.10,2373.97,1905.74,1536.11,1774.13,-8387.8,2065.08,1121.3,-4271.03,2402.32,2966.03,1510.99,1289.27,-5942.78,2102.35,267.83,245.72
07.06.10,2336.88,-17059.68,1511.95,1735.1,3779.71,-37309.53,-21648.46,2380.47,2668.05,3183.41,1652.29,-4723.09,2632.12,-3411.09,228.65,212.5
14.06.10,1839.15,-3699.16,1235.94,1332.46,2547.9,-10353.63,-7502.18,1488.38,1924.45,2114.14,1031.2,-15762.76,1697.19,1553.39,-773.47,238.14
21.06.10,1637.38,1339.78,1270.1,-7769.87,2241.13,1624.86,1108.34,1459.02,-9326.47,2111.17,1204.61,-12557.52,1726.42,1569.91,257.87,255.15
28.06.10,-11358.51,1263.83,1325.16,-2212.61,-14912.61,1629.13,1110.03,-5061.11,1881.02,2069.49,1125.71,-5615.99,1735.69,-2905.55,217.94,-562.99
05.07.10,1861.69,-13356.72,1215.61,1471.55,2919.25,-21942.14,-7219.62,1765.28,1875.28,2032.58,1233.61,1231,1702.96,1607.72,207.2,215.55
12.07.10,1623.32,1386.56,1120.13,-5973.6,2340.13,1702.35,1149.48,1563.65,-2103.88,1953.96,1216.09,1254.55,1555.9,-13822,216.87,217.63
19.07.10,1937.63,-3506.93,1416.99,1617.34,2652.98,-15105.41,-10677.61,1769.29,-4858.34,2166.2,1516.25,1530.37,1699.55,1545.35,204.69,192.37
26.07.10,1468.39,1200.63,1235.13,1381.2,1904.67,1348.87,1053.67,1401.91,-16598.85,2071.49,1033.02,1073.98,1506.76,1319.78,183.69,199.78
02.08.10,1325.12,1121.68,1312.34,1408.98,1986.39,1452.97,1116.43,1462.47,1908.68,2075.99,1265.36,1296.68,1479.38,1387.51,182.58,203.98
09.08.10,-2392.39,1349.93,1628.22,1737.17,-6259.99,1327.74,1067.06,-10436.39,2015.35,-2901.59,1403.08,1476.18,-16058.89,1407.73,-204.96,173.52
16.08.10,1627.28,1384.08,1483.28,1581.84,2162.74,1492.29,1199.9,1584.84,1726.74,2062.37,1384.61,1426.71,1785.78,1496.25,185.72,199.93
23.08.10,1548.7,1321.84,1267.63,1381.39,1985.21,1517.27,1072.49,1332.17,1761.97,2054.45,1370.15,-702.21,1630.25,1329.42,170.35,183.27
30.08.10,1603.39,-10048.57,1862.53,1795.14,2037.18,-12676.66,-5848.42,1366.57,1653.63,2061.47,1459.25,1577.07,1589.19,-2709.25,183.75,188.87
06.09.10,1553.31,1419.98,1624.66,1582.09,1618.7,-3777.29,985.59,1152.16,1493.68,1788.09,1261.15,1428,1304.08,1185.18,187.85,164.53
13.09.10,1389.53,1258.28,-8062.78,1577.29,1526.5,1220.67,1158.89,1327.06,1678.85,1856.47,1308.99,1458.58,1412.15,198.29,-1150.08,155.76
20.09.10,1522.83,1412.25,1556.76,-2850.76,1818.1,1646.79,1288.22,1385.49,-6959.46,1903.86,1603.08,-3784.47,1595.21,-14532.86,205.06,194.22
27.09.10,1450.16,1315.28,1533.01,1464.99,1864.76,1688.05,1267.86,1361.49,1920.79,2019.93,1616.7,1787.62,1656.04,-1896.09,190.13,179.75
04.10.10,1515.24,1384.82,1688.93,-1948.64,2067.61,-1022.76,435.35,1300.69,1918.37,2051.44,1561.44,1727.06,1800.42,-1604.31,-302.24,206.64
11.10.10,1448.47,1432.24,1758.55,1712.96,2070.68,1839.84,1266.36,1368.72,1887.22,1970.27,1548.76,1723.35,1830.89,1712.27,238.06,248.92
18.10.10,1487.72,1443.08,1577.89,1584.89,2299.58,1967.49,1411.5,1588,2189.06,2305.55,1634.17,1694.87,1955.52,1722.75,299.72,310.07
25.10.10,1405.8,1329.22,1593.56,1593.2,2209.15,1842.41,-3787.42,1580.2,-14377.68,2009.24,-1338.28,1793.16,1957.89,1807.9,245.63,254.04
01.11.10,2001.68,1922.18,2235.03,2128.89,2959.65,2335.32,-1343.63,1852.36,2851.98,3084.36,2339.87,-5004.44,2687.16,2442.9,-749.17,230.53
08.11.10,1396.7,1342.52,-6879.75,1298.85,-5298.84,1678.83,1386.51,1537.26,2151.7,2306.43,-1502.56,1829.06,-1421.38,1816.19,292.8,-528.52
15.11.10,1501.32,1388.2,1923.65,1595.97,2497.78,2049.35,1558.17,1819.62,2063.81,2275.01,1594.42,1639.46,2203.89,1880.01,321.46,332.34
22.11.10,1221.01,1092.34,848.3,1151.22,-12860.45,1597.08,1278.16,-14216.33,1518.89,-22591.24,918.8,1567.19,-23816.84,1606.9,272,280.92
29.11.10,1455.8,1257.17,1692.72,-2929.55,2379.13,-6064.8,-168.8,1713.09,2041.87,2367.54,1786.19,1758.49,2517.66,2038.38,-1455.05,271.05
06.12.10,1281.63,1115.93,230.11,1380.45,2031.91,1751.6,1321.28,1473.64,1592.64,1908.21,1413.87,1429.28,2031.64,1715.32,293.6,298.03
13.12.10,1283.47,1140.9,1474.06,1433.56,1825.14,1608.62,1203.45,1312.39,1474.31,-13092.23,1318.56,1368.32,-1191.82,1539.73,266.64,275.66
20.12.10,1089.91,950.52,1094.93,63.08,1535.46,1315.99,1013.75,1135.83,1430.75,1705.43,1374.83,1399.8,1726.23,1391.52,292.22,271.29
27.12.10,1082.61,-6832.54,905.8,-3296.8,1248.27,-2692.04,-16356.96,830.07,1086.94,1308.79,992.18,-12394.12,1358.88,1094.84,-1122.86,192.3
03.01.11,1224.73,1088.93,1239.16,1414.27,-9039.94,1548.81,1146.53,-992.03,1678.49,1954.63,-23242.57,1704.62,-15423.53,1686.17,258.39,-1295.36
10.01.11,1172.34,1013.03,1452.8,1331.27,1654.76,1402.52,1127.86,1271.86,-15893.75,1724.74,1540.27,1561.83,1710.58,-10680.31,285.37,281.96
17.01.11,1165.12,1038.25,1205,1128.89,1668.66,1478.02,1100.89,-77.96,1686.72,1771.48,1593.88,1547.17,1769.55,-8838.16,209.39,232.78
24.01.11,1160.82,1016.99,1271.67,1219.66,1575.54,1316.19,1077.73,1259.44,1892.79,1989.26,1417.41,1415.25,1586.79,1407.47,201.31,236.66
31.01.11,1237.67,-1187.26,1399.11,1359.17,1754.35,-1297.67,1146.67,1308.85,1762.13,1923.38,230.31,1553.67,1731.3,1456.5,195.98,225.26
07.02.11,1155.39,1006.25,320.43,1181.16,1508.7,1330.92,1050.17,-2866.51,1719.5,1899.58,-1208.77,1467.56,1529.62,1281.24,177.72,201.45
14.02.11,1043.36,951.01,1143.19,1075.67,1483.17,1280.66,915.06,1048.44,990.71,1920.15,1442.43,-9218.74,1431.59,456.09,-2010.11,178.26
21.02.11,1021.57,254.46,1052.51,-5172.6,1356.57,1163.41,866.52,-1739.03,1746.36,1878.6,1302.59,-6104.84,1420.7,1248.15,187.68,205.44
28.02.11,1173.41,1072.37,1119.61,1239.39,1493.17,1290.71,952.28,-4238.4,1727.01,1881.34,1440.08,1498.4,1562.76,-572.02,-191.9,198.93
07.03.11,983.04,860.69,1074.62,1014.13,1253.11,1101.78,1029.04,1156.26,1532,1688.89,1148.58,1205.93,1323.14,1169.48,195.54,205.57
14.03.11,1025.98,886.48,1641.61,1728.8,1322.36,1116.15,875.22,1017.97,1502.95,1661.28,1213.78,-7426.93,1342.93,-312.66,199.16,207.22
21.03.11,970.89,790.83,1376.47,1466.84,1449.26,-9204.49,-6072.04,947.78,1582.62,-10284.82,-331.8,1491.66,1377.14,1151.13,180.56,196.17
28.03.11,1057.27,-738.53,-12155.94,1563.49,1523.2,1337.89,-4623.23,1067.83,1493.39,1851.16,1563.37,1533,1575.9,1282.93,184.29,204.32
04.04.11,917.24,-1625.9,1372.12,1302.98,1415.2,-5017.64,-6134.53,960.85,-8719.03,1779.95,1320.57,-3258.47,1413.64,-4237.95,-1000.18,201.73
11.04.11,950.37,852.81,1391.28,-10112.68,1507.85,1347.83,1057.73,1146.57,1695.31,1850.38,1205.87,-1256.57,1337.72,1192.4,102.09,204.95
18.04.11,977.42,-1805.95,1273.84,1518.08,1267.06,-8525.54,867.66,975.27,-5645.74,1663.34,1254.09,-3334.69,1490,-12002.22,197.92,189.63
25.04.11,1124.74,957.53,1417.54,1582.97,1537.28,-8268.18,1108.52,1221.9,859.96,1885.13,1546.79,-1267.62,1769.39,-2421.72,-1819.49,227.96
02.05.11,-6076.31,1045.96,1503.94,1509.43,-2908.12,1489.28,1136.73,-2784.83,1780,-15213.12,670.01,1642.92,-21574.24,1416.71,292.26,-987.39
09.05.11,1292.83,1036.99,1324.21,1443.27,-533.33,1573.01,1262.12,-279.92,1798.47,1631.65,1641.09,1605.48,2129.93,1726.44,279.11,288.02
16.05.11,1376.57,1129.23,728.85,1300.53,2056.71,1548.56,1064.56,1362.92,1765.74,2000.1,1513.04,1585.34,1944.74,1600.52,266.57,275.49
23.05.11,1319.66,1085.82,1333.4,-495.44,1882.2,-2010.92,-14624.63,1342.43,-15038.19,1975.39,1525.55,-22662.59,1973.06,155.88,263.95,271.5
30.05.11,1266.36,1078.78,1277.27,1355.22,1754.04,1498.47,1318.82,1469.72,1711.48,1902.17,1658.15,-1960.07,1991.55,-7157.53,255.18,250.54
06.06.11,1120.96,964.09,1231.43,1291.76,1658.7,1452.58,1229.19,1346.79,1519.78,1692.03,1485.46,1574.66,1681.92,1433.45,250.86,249.94
13.06.11,1107.03,990.72,1068.21,1173.4,1519.9,1296.86,1116.7,1253.97,1590.28,1879.02,1544.43,1613.95,1875.82,1491.23,197.65,221.71
20.06.11,1270.43,1109.11,1190.89,1230.48,1737.27,1456.15,1208.32,1376.43,1586.24,-2101.3,1484.62,683.51,2227.97,1673.46,217.07,-1322
27.06.11,1231.76,-15460.35,1026.31,1061.6,1830.74,-13154.42,-11244.33,1426.39,1601.5,1988.45,216.64,1542.01,2331.74,495.39,206.74,243.54
04.07.11,1072.01,938.12,1062.56,1061.3,1613.88,1409.74,1144.67,1273.34,1393.31,1700.25,1301.34,-1839.48,-16134.67,1385.75,-3021.8,197.82
11.07.11,1192.94,1007,1071.29,-3519.56,1737.13,1392.3,-3180.46,1421.91,-1049.9,1840.97,1673.16,-5536.7,2341.8,1748.75,-1684.06,240.74
18.07.11,1238.3,-2986.68,1112.92,1311.89,1728.05,-8579.21,-6378.14,1500.06,-4362.74,1876.62,1615.89,429.07,2231.09,758.02,304.83,307.21
25.07.11,1186.55,989.58,1135.86,-6253.14,1515.64,-2657.44,33.98,1442.97,1459.42,1722.81,1587.92,-15723.46,1641,1341.21,344.79,324.05
01.08.11,-16336.86,1107.93,1545.31,1816.28,-37674.23,1713.98,1520.31,-30557.04,1750.02,2008.01,2056.35,-3607.29,2129.64,1743.08,-4043.87,301.68
08.08.11,1873.66,1525.01,1842.78,2073.57,2783.86,-7304.56,1598.01,2183.65,1881.45,2201.43,-10218.35,2658.38,2444.28,1039.92,397.62,373.8
15.08.11,1477.51,1153.11,1421.59,1435.06,2201.09,1499.47,1541.4,2047.67,1833.71,2231.3,2963.93,3014.86,1838.93,1383.74,-4298.13,492.37
22.08.11,1581.06,484,1743.31,1707.07,2489.21,-2400.72,-4229.1,2147.65,1913.78,2237.99,-11731.52,1588.23,2043.58,1530.82,488.28,-5029.83
29.08.11,-593.42,1174.56,1403.27,1253.14,2152.55,1591.54,1479.07,1895.06,1747.77,-11539.07,1657.44,-18435.34,-13055.42,1330.37,-1801.34,772.26
05.09.11,1610.95,1425.67,1341.07,1163.9,2496.9,1805.69,1519.14,2012.52,2048.52,-1707.47,-78112.21,2776.18,-8405.53,1698.13,752.39,392.09
12.09.11,1459.61,1212.94,1741.66,1508.93,2762.7,1812.01,1594.43,2273.82,2055.79,2631.15,2414.14,2074.84,2930.74,2119.07,760.98,791.32
19.09.11,-26645.67,1299.92,1388.67,1225.3,-23342.08,1932.92,1612.98,-32554.14,1741.71,2185.58,-3568.26,1717.67,2492.31,2049.76,639.54,-9828.1
26.09.11,400.61,1837.54,1624.91,1394.19,3596.16,2448.53,1939.99,2688.31,2318.73,2812.83,2533.67,1991.75,2564.4,2048.61,842.32,925.93
03.10.11,2214.65,-8537.46,1480.12,1240.79,3440.33,-20008.03,-11324.42,2463.4,-215.92,2567.48,2741.2,2265.07,2735.59,-11171.64,673.62,749.95
10.10.11,1629.8,1249.37,1098.92,909.24,2436.27,-5647.3,1511.4,1827.94,1640.53,2095.07,1825.32,1406.6,2063.99,1826.26,541.01,602.09
17.10.11,1712.64,-581.47,1314.47,1001.6,2746.71,-4640.57,1623.55,2068.21,678.05,1999.17,1972.89,1560.31,2212.8,1850.29,456.73,479.88
24.10.11,1849.78,1486.97,-9025.17,1314.34,2929.39,2093.51,1699.67,2252.61,1867.69,2296.67,1973.64,1612.45,2605.18,2089.48,-1356.34,550.85
31.10.11,1694.63,1353.9,1669.12,1504.1,2699.77,2060.49,1680.96,2104.79,1617.3,1982.23,707.69,1608.37,2372.62,1905.77,-478.21,484.19
07.11.11,1824.71,1414.48,1102.75,-2202.7,2772.28,1990.66,1543.16,2047,1755.56,2158.88,2369.84,1821.24,2340,1712.26,399.75,420.91
14.11.11,-179.44,1501.11,1411.73,1237.82,-9744.19,1996.57,1504.31,-14439.89,1635.98,-6192.75,2289.85,1775.86,2467.03,1878.01,465.73,-1118.44
21.11.11,1764.15,1387.59,-2638.45,803.04,2605.16,1969.2,1380.86,1746.52,1621.12,1989.39,2000.1,1498.24,2130.55,1764.43,425.17,464.02
28.11.11,1589.14,-6117.37,1483.94,1106.87,2613.92,-16880,-11856.11,1722.61,1075.04,2009.88,2018.63,1619.78,2174.61,1874.71,371.02,414.03
05.12.11,1559.84,1378,1081.55,873.02,2374.5,2142.67,1546.44,-1308.55,1564.88,1831.77,1907.19,1571.51,2118.65,1870.44,344.87,-667.56
12.12.11,1628.55,1486.02,1031.85,907.99,2632.6,2143.8,1478.04,1748.45,1780.48,2070.26,2424.7,2044.26,2287.99,1882.66,327.26,-2048.11
19.12.11,1327.19,-5964.82,901.1,769.79,1729.41,-11415.21,-6947.94,1080.49,1299.71,1539.74,1318.13,1027.53,1537.7,1402.04,261.19,320.04
26.12.11,1030.21,860.78,516.54,-6144.46,1452.48,1301.48,883.22,901.79,1247.36,1063.17,1082.62,874.72,1309.89,1206.23,212.08,-597.6
02.01.12,1169.02,1012.4,1050.92,923.87,1802.8,1559.24,1189.43,1283.53,1588.13,1761.82,1428.46,1235.17,1120.92,1470.48,-1386.73,293.76
09.01.12,1038.15,907.5,844.46,724.04,1579.58,1319.46,919.59,1054.57,1314.44,1440.75,1283.85,1147.89,1532.73,1399.02,255.72,333.85
16.01.12,1000.29,-1587.24,799.98,671.46,1595.57,-11026.34,-9831.02,1039.9,-10136.3,1621.25,1338.13,-15752.55,1631.79,-13264.89,254.45,294.67
23.01.12,989.68,889.29,829.2,-622.88,1548.66,1331.32,964.57,1089.82,1214.56,1330.45,1332.7,1239.65,1541.88,1404.54,-1661.06,292.41
30.01.12,1085.19,933.78,911.68,834.91,1759.03,1535.36,-1580.63,1306.41,1212.19,1357.06,1552.94,1403.16,1795.49,1576.84,278.54,286.71
06.02.12,980.82,888.38,-2736.67,840.06,1698.4,1514.58,1139.64,1220.6,1314.75,1408.06,1503.7,1395.93,1730.58,1464.94,300.04,300.74
13.02.12,886.03,777.36,-13741.37,762.16,1540.01,1370.32,1060.79,1158.83,1142.44,1260.55,1399.05,1314.26,1539,1322.75,278.23,287.79
20.02.12,734.48,735.34,1132.35,957.07,1519.43,1330.57,1120.56,1228.94,1071.5,1184.02,1504.95,1193.4,1669.38,1412.48,-75.82,251.13
27.02.12,799.95,681.01,1363.86,1260.76,1434.86,1260.64,1020.44,-5649.14,1011.72,1155.8,-613.01,1217.82,455.93,1304.57,322.74,-2479.44
05.03.12,916.71,797.41,1352.87,1253.16,-473.47,1385.54,1088.72,1169.4,1223.32,-7376.24,1379.91,1212.24,1464.48,1264.04,310.94,346.47
12.03.12,944.78,828.87,-93.29,1469.97,1543.24,1320.38,1073.11,1215.37,-7215.96,1455.11,1397.24,1231.7,1381.72,1215.55,313.44,-707.28
19.03.12,761.54,683.26,1284.33,1297.01,1308.94,1155.81,1013.35,1108.14,1420.39,1557.45,1233.57,1069.18,1233.91,1120.14,287.47,322.44
26.03.12,831.09,703.96,1414.29,1507.97,827.76,1209.33,1038.8,1160.02,1232.26,1321.94,1140.53,979.89,1176.83,1054.54,270.32,310.53
02.04.12,-603.78,667.69,1541.35,1615.61,1471.73,1298.35,1055.96,1144.78,1308.41,-597.02,-5348.69,942.45,-7911.68,977.66,229.6,-205.49
09.04.12,895.44,771.86,1460.73,1521.09,1408.96,1257.59,934.73,1027.04,1154.37,1279.81,1166.48,1072.01,1270.19,1051.31,236.79,309.92
16.04.12,908.74,748.16,1108.55,1086.08,1372.97,1207.91,983.96,1102.14,-7015.39,1389.89,1247.86,1105.51,1381.21,1128.65,306.31,330.42
23.04.12,997.39,843.24,1499.8,-1966.66,1348.5,1194.71,976.24,1075.39,1150.85,1255.23,1162.12,1024.52,1305.28,1105.43,249.05,270.86
30.04.12,908.82,814.98,1247,1200.58,-10772.13,1009.99,795.62,-13221.67,1184.77,1257.9,-2921.59,904.22,-3051.17,1005.7,230.59,253.34
07.05.12,190.03,852.79,1071.71,962.47,-8434.8,1096.78,870.74,-6411.95,1113.49,1226.61,-2916.94,967.12,-2951.6,1068.6,224.1,-4771.49
14.05.12,-7301.58,970.35,953.68,874.58,1731.04,1342.55,1006.34,-6230.5,1447.11,-12382.41,1291.65,1075.32,1457.99,1181.04,272.6,319.36
21.05.12,1291.05,1032.05,1005.42,949.85,1891.96,1456.33,1093.13,1388.36,1390.15,1589.61,-8527.02,1014.37,-8592.94,1110.01,327.22,348.57
28.05.12,-2689.26,944.88,1029.5,-5512.98,1960.63,1611.62,1190.55,1406.8,1100.57,-14272.97,1210.82,1125.34,1294.38,1089.97,-928.61,348.43
04.06.12,1455.24,326.24,-429.11,1142.98,2196.48,-4087.45,-3713.81,1497.09,1597.45,1864.99,1530.47,1409.93,1712.68,1503.43,448.8,465.83
11.06.12,1400.38,1236.59,1430.35,1238.86,2251.35,-3134.79,-7095.44,1656.85,1702.98,1914.14,1970.29,1864.01,2089.92,1869.66,385.22,407.29
18.06.12,1177.08,1032.5,1182.34,1097.03,1693.04,1401.72,1155.05,1319.75,1642.3,1855.37,1587.8,1502.15,1743.16,1506.84,389.53,-1363.73
25.06.12,1080.88,-1461.41,1161.35,1022.56,1628.17,-10938.95,-5083.78,1296.13,1337.7,1493.17,1290.5,1222.8,1454.5,1273.24,308.92,337.64
02.07.12,967.2,857.43,1168.34,1091.02,1509.24,1254.93,988.35,1151.78,1503.02,-1392.45,-8630.92,1235.28,-8845.58,1347.36,329.23,358.85
09.07.12,874.16,767.52,1076.61,-6.68,1471.03,1189.68,939.85,1112.09,1259.12,1398.03,1299.48,1190.6,1394.67,1234.16,324.59,357.75
16.07.12,760.89,648.18,872.5,837.76,1219.2,988.93,806.57,952.86,1161.92,-108.63,-3429.53,941.12,-3536.09,1109.25,302.3,335.48
23.07.12,797.46,-6100.51,862.19,847.14,1437.82,-10879.39,-10566.57,1172.08,-2984.62,1410.84,1259.95,1176.26,1358.33,976.97,-671.28,304.12
30.07.12,818.84,735.76,1089.97,988.3,1488.02,1302.31,89.14,1184.35,1699.87,1800.47,1657.23,1537.82,1772.58,1608.41,300.15,329.78
06.08.12,738.27,193.12,883.02,771.66,1231.16,1093.44,861.68,940.93,1267,1329.18,1190.93,1116.51,1274.48,1188.82,288.39,304.33
13.08.12,656.79,603.51,-5549.01,641.01,1068.81,939.95,794.55,854.17,1180.1,1300.99,1038.55,965.76,1130.83,1039.26,221.23,237.64
20.08.12,541.18,496.33,924.87,-421.91,1095.24,905.2,702.95,812.61,965.8,1051.92,920.12,-3784.85,1007.62,-3503.9,-2021.62,218.76
27.08.12,629.01,539.58,784.39,678.32,-842.88,953.64,744.58,-1849.9,1066.19,1149.87,1067.52,994.76,1159.72,1057.77,269.49,265.82
03.09.12,882.8,811.65,890.01,809.02,1462.89,1257.71,-2085.46,1060.69,1275.37,1394.49,1444.96,1374.11,1548.15,-1258.31,-188.77,294.19
10.09.12,887.39,829.41,911.91,816.64,1152.93,-6297.96,-10159.54,882.93,-13972.24,1135.42,1172.5,-8698.85,1231.09,-17907.15,-146.53,343.53
17.09.12,896.5,862.21,1304.93,1064.19,1209.69,1062.92,895.29,959.61,1346.14,1360.34,910.64,1060.59,-3957.74,1176.85,317.12,308.08
24.09.12,831.25,778.83,848.48,734.56,1202.44,1056.55,877.17,977.47,1268.18,1326.82,998.89,968.64,1160.6,1069.8,320.41,321.18
01.10.12,920.36,846.73,989.56,843.91,-3379.96,1137.03,934.99,903.79,1181.13,1250.03,1135.23,1098.59,1299.65,1191.08,272.51,279.1
08.10.12,792.65,779.48,801.29,676.14,1139.92,1022.34,885.49,965.95,1231.48,1266.26,880.69,874.22,1078.25,1005.95,245.72,177.79
15.10.12,-6295.79,670.86,-5606.92,724.33,1081.34,974.59,777.33,824.96,968.59,1013.42,860.49,852.44,1061.77,1011.75,242.58,262.48
22.10.12,872.86,800.37,994.11,868.75,987.93,896.11,792.12,832.63,1010.35,1079.88,-1254.86,821.99,-1711.65,1014.59,234.11,267.05
29.10.12,852.61,728.67,1213.09,1104.18,1045.73,939.43,838.71,883.91,1044.85,1130.02,883.44,869.3,803.96,985.26,210.73,239.74
05.11.12,757.96,699.82,1035.41,-1512.33,1141.73,1033.84,876.22,939.74,1077.26,1166.55,974.84,959.12,1142.32,1059.3,-1903.74,268.41
12.11.12,660.4,617.27,-11907.66,832.35,972.59,837.36,706.18,792.57,1009.01,1094.01,779.83,762.74,950.87,866.07,251.27,265.43
19.11.12,500.01,461.55,1027.88,886.23,757.3,633.07,583.34,646.83,-308.45,863.87,597.21,-4375.19,787.27,-3488.32,183.6,199.04
26.11.12,491.88,454.54,1150.27,1079.27,705.36,593.27,548.63,619.25,851.91,903.86,786.86,786.36,913.99,887.12,178.67,-792.23
03.12.12,569.02,-895.38,1168.66,1060.43,1007.53,891.27,-5714.81,829.94,1052.11,1072.08,962.73,964.99,1091.05,1067.8,161.22,198.56
10.12.12,544.74,519.92,-4414.27,1135.32,714.72,629.38,-2717.68,634.34,-3056.8,839.99,860.82,-7978.67,1030.95,-7682.51,194.62,222.05
17.12.12,-3006.56,445.29,1119.29,1096.02,-7652.14,615.91,641.39,-14308.35,738.61,763.52,730.59,703.54,851.59,845.47,145.3,-1247.92
24.12.12,476.51,451.79,-6337.3,793.7,701.65,588.33,595.37,665.69,-2580.4,800.23,846.94,811.34,918.44,894.82,145.57,176.95
31.12.12,577.2,540.82,67.53,1002.4,783.63,-797.61,771.89,840.15,1178.37,-5489.77,68.66,1011.9,897.66,1067.82,180.45,-230.56
07.01.13,545.13,510.31,-2872.95,1228.85,722.38,629.21,766.18,824.84,940.35,993.15,838.11,794.07,963.14,-8224.28,3.81,223.04
14.01.13,-2089.13,521.28,1530.63,1425.09,811.04,761.26,909.37,933.93,1057.04,-9160.41,-914.74,1004.06,1100.22,1080.12,164.91,205.98
21.01.13,-8711.31,614.42,1851.2,1865.67,-2527.84,678.88,716.54,796.64,1298.58,1397.92,1069.49,970.86,1077.98,-504.74,182.85,-816.59
28.01.13,810.72,-160,-4464.97,1701.03,906.27,773.27,-3108.9,940.3,1318.98,1419.23,843.77,-9470.28,979.08,975.84,164.54,199.49
04.02.13,-909.37,572.75,1573.42,1502.67,-5496.46,810.33,757.71,22.59,1514.38,1608.06,734.29,1133.51,1300.87,1207.93,156.47,201.48
11.02.13,717.5,649.03,1941.86,1923.42,899.97,726.26,-1205.69,868.75,1507.48,-1379.92,884.5,817.15,1118.89,1031.01,165.48,-938.85
18.02.13,-6065.77,539.46,1606.73,1655.73,891.96,722.25,790.26,912.3,1440.3,-18125.43,915.76,831.44,1138.56,1010.88,189.59,263.01
25.02.13,935.78,797.03,1985.93,2127.04,1146.6,942.69,980.15,1130.71,1675.56,1856.88,1314.93,1121.13,1723.16,1459.86,244.55,317.57
04.03.13,1002.78,882.54,-12208.89,1728.39,1315.7,1002.68,945.46,1144.67,1609.08,-4940.15,517.69,969.51,1471.74,1258.94,225.44,305.67
11.03.13,678.82,569.51,1317.42,369.35,869.52,-2920.57,864.31,964.49,-4341.88,1606.59,968.65,854.16,1177.67,1027.86,-417.35,230.14
18.03.13,649.46,569.72,1657.87,1846.1,832.61,289.72,-527.75,944.53,2075.07,2237.14,1098.77,981.42,1392.15,1181.17,177.48,221.77
25.03.13,642.67,569.68,1598.35,1706.28,767.8,614.77,751.51,872.81,1185.6,1353.77,1026.41,918.94,1388.32,1156.63,145.22,173.28
01.04.13,636.75,570.29,-34688.33,2152.14,872.53,708.19,-2531.83,784.12,1363.12,1555.39,1054.5,-2205.82,1439.77,-519.81,130.75,-229.92
08.04.13,734.04,636.2,2137.38,2006.56,793.6,641.22,658.6,769.36,1189.08,1372.92,882.6,807.94,1060.29,929.43,165.93,-13913.3
15.04.13,772.38,684.37,-10136.38,1736.02,1091.35,949.71,991.74,1082.71,1240.8,1394.42,896.33,836.17,1124.52,1004.38,-2027.6,636.07
22.04.13,693.17,-3623.49,2084.91,1977.29,1133.87,887.95,-1675.01,1170.74,-8845.54,1367.62,968.06,854.84,1176.28,1003.57,13.4,461.49
29.04.13,616.91,540.38,1161.37,1669.35,-894.64,819.29,903.59,1012.95,1275.03,1410.38,1146.73,1039.03,1382.38,1212.51,306.56,441.99
06.05.13,740.18,625.64,-6464.32,1507.64,-14802.42,910.75,959.01,-11706.63,1208.05,-5048,-8539.12,821.99,1059.89,915.43,230.48,352.43
13.05.13,-8744.64,661.67,1493.97,1426.71,-3907.56,1106.32,1029.41,1280.08,1401.85,1640.45,-406.78,1024.08,1124.01,949.88,311.36,-2442.54
20.05.13,1112.62,876.25,1801.48,1822.81,-1870.69,1289.96,1145.87,1423.43,1396.82,1440.22,1312.27,1152.76,1112.53,958.83,379.27,561.82
27.05.13,994.27,806.95,1958.15,2178.69,1878.01,1506.43,1242.04,1512.14,-1165.16,1399.13,1498.73,1325.42,1070.01,927.68,311.39,459.25
03.06.13,1179.3,1016.6,2297.42,2496.12,-15327.96,1864.45,1426.78,-5723.81,-2203.4,1902,2034.8,1860.35,1611.76,1413.97,288.08,421.32
10.06.13,910.75,790.11,2660.86,-15591.83,2436.84,2043.51,-39.77,1835.91,-3703.02,1457.62,1668.18,1522.03,1075.44,949.02,295.87,438.22
17.06.13,-22929.25,864.75,-7014.3,2538.14,-12744.21,1682.97,1370.93,-8323.67,1557.09,-14640.55,1649.17,1540.42,-8928.31,1068.38,260.14,-5735.2
24.06.13,1478.71,1251,2444.7,2511.05,2460.43,1946.47,1556.24,1869.44,1623.07,-1713.49,537.22,1376.33,1362.88,1127.4,289.3,474.55
01.07.13,1430.71,1217.7,1906.56,2030.87,2485.1,2030.95,1487.66,1740.27,1868.59,-8002.99,-3956.6,1389.81,-1263.99,1276.71,320.74,480.44
08.07.13,1148.88,-4442.07,1609.3,1818.89,2091.35,1785.88,1258.47,1433.18,595.75,1635.22,1223.77,-2456.88,1110.85,-3207.81,-943.54,445.82
15.07.13,1255.44,1108.44,1918.24,2101.61,2088.69,1813.35,971.24,1536.89,-4948.37,2177.33,1497.2,1426.23,1366.4,1267.44,-322.65,343.96
22.07.13,884.9,767.78,1363.34,-1622.8,1353.31,1217.22,1025.98,1098.78,1268.26,1371.12,980.61,923.25,933.9,839.91,250.2,339.66
29.07.13,-1177.67,932.06,2085.85,2232.68,-14618.64,1634.14,1277.34,-12697.49,1929.66,2147.17,1442.95,1316.96,1435.69,1265.1,290.94,405.74
05.08.13,879.88,766.41,1370.5,-2126.99,1989.95,-10606.01,-7770.28,1428.64,1758.4,1985.36,1068.51,911.73,965.97,822.59,-878.74,356.61
12.08.13,912.2,797.29,1376.55,1420.94,1466.53,1294.5,982.04,1050.12,-3972.32,1406.18,1039.44,896.74,892.37,735.96,-194.72,338.8
19.08.13,-5890.52,831.78,1404.88,1444.71,1524.02,1328.81,1002.5,-8231.69,1021.31,1164.75,1120.21,950.57,897.74,731.57,311.16,370.72
26.08.13,950.49,814.14,1345.32,1353.66,1618.09,1302.8,1015.38,1219.24,1192.33,1361.87,879.62,863.66,-3427.3,684.76,303.13,361.65
02.09.13,1138.26,-5588.53,1959.76,1916.48,2042.99,-9269.89,-8354.6,1476.91,1563.08,1779.13,1405.24,1215.37,1350.56,1117.73,333.95,389.69
09.09.13,826.2,721.69,1397.04,1472.21,1289.7,-3674.25,-8435.08,1091.38,-12855.89,1137.72,1006.56,869.35,864.74,-179.61,286.55,-2895.28
16.09.13,936.71,845.57,1623.21,1751.97,1696.89,1075.3,-8112.35,1344,1062.06,1737.89,1414.29,-4309.96,1175.29,-1813.85,338.01,446.54
23.09.13,814.32,717.78,1174.06,1165.13,1286.03,1095.82,986.23,1116.15,1155.92,1258.19,912.56,788.68,841.6,725.14,265.19,329.65
30.09.13,860.71,731,1655.33,1679.09,1634.29,1370.96,1207.46,1388.53,1483.91,1593.36,1130.81,1019.85,1146.64,1002.3,284.37,355.06
07.10.13,756.49,642.86,-2631.4,1254.17,1230.34,1083.66,939.67,1016.16,1399.98,1494.41,1000,955.03,939.11,871.6,299.23,269.86
14.10.13,686.36,570.57,1177.37,1190.57,1102.68,-8415,-1067.99,970.3,-3021.3,1271.54,918.45,889.29,815.87,794.9,-584.45,445.02
21.10.13,-5972.57,557.64,1117.56,1146.58,1018.31,973.92,950.8,-6566.1,1391.83,1396.02,1052.82,1030.38,941.11,920.87,-118,341.08
28.10.13,760.57,636.6,806.79,1026.99,1139.22,1011.5,1031.13,1103.98,1370.76,-3058.58,-6945.93,953.49,-10824.26,899.81,284.31,-84.78
04.11.13,751.05,636.45,1277.48,1178.07,-2440.63,1198.1,1076.41,1208.93,1432.04,1549.57,1157.51,1059,1227.03,1093.15,251.75,315.31
11.11.13,684.24,573,1165.62,1062.28,1189.52,1006.98,-2205.86,1074.58,1508.06,1567.72,866.02,-417.97,963.44,-342.18,201.12,273.16
18.11.13,-3657.93,502.92,-5469.58,1003.75,-13026.52,874.69,803.39,-2593.82,1137.56,1185.46,710.02,692.61,799.07,745.79,222.89,-908.45
25.11.13,686.19,653.88,-1320.11,1029.39,1237.99,954.7,848.06,1039.69,-9364.82,1038.51,822.08,729.45,893.55,765.93,223.19,310.72
02.12.13,1083.67,929.86,1234.4,1354.54,1678,1393.14,1127.24,1310.58,1484.9,1519.93,1084.38,-7507.37,1263.47,-1884.58,247.02,314.22
09.12.13,741.77,647.38,1020.49,1184.9,-3900.72,1161.21,957.32,1112.92,1151.84,320.94,850.89,783.83,845.01,742.6,231.27,312.89
16.12.13,1091.82,986.17,1634.48,1762.2,1827.84,1537.8,1290.51,1448.92,1709.45,1763.09,1146.04,1088.89,1113.72,1018.33,310.24,-414.1
23.12.13,-1109.94,499.19,-1439.21,877.73,786.18,673.27,545.59,606.27,-3476.11,905.48,694.01,631.91,625.63,-619.18,199.15,281.34
30.12.13,698.43,631.54,770.96,1051.15,1043.05,920.87,745.3,798.23,1112.56,1193.83,-8893.97,812.7,-4387.86,781.12,-2208.12,261.26
06.01.14,-9758.51,903.57,1174.39,1402.74,1349.89,847.75,1000.46,1047.31,1407.77,1493.02,1130.15,1055.51,1060.59,950.77,232.59,302.89
13.01.14,881.21,820.61,1096.69,1271.03,-16265.41,940.32,691.17,-1801.17,1076.3,1161.9,-2168.4,785.31,-356.44,644.89,190.78,247.59
20.01.14,1044.35,970.34,901.41,-2811.9,1171.39,1010.94,836.9,941.51,-881.08,1266.68,1009.32,-4442.29,836.64,-428.61,139.99,208.43
27.01.14,1278.56,1211.76,1303.08,1577.74,1426.98,1242.05,1068.04,-863.63,1521.53,-6926.63,1189,1094.76,-3692.57,822.6,234.38,289.38
03.02.14,1405.09,1364.21,1454.34,1755.02,1771.42,-4310.64,-4478.39,1421.04,1548.69,1648.02,1399.6,1299.29,1270.9,1112.16,246.02,307.16
10.02.14,986.33,947.22,1051.56,1225.75,1284.26,1139.37,196.63,934.96,-17547.03,1270.04,989.25,917.91,811.9,721.78,-2722.45,247.58
17.02.14,-922.08,813.87,1056.51,1225.15,1151.2,1006.65,771.03,871.06,1894.36,1870.22,951.07,886.87,768.52,690.98,202.23,231.38
24.02.14,897.1,847.13,921.74,410.56,-284.63,1032.79,747.86,899.59,1624.72,1610.13,892.52,317.19,778.75,687.82,192.98,222.2
03.03.14,1018.86,978.91,-6178.46,1372.25,1611.56,1319.21,907.42,1059.86,1339.29,1376.12,1115.47,1039.37,1105.3,-621.31,212.26,237.76
10.03.14,800.27,781.85,1029.44,-3581.56,1233.33,1024.96,-385.67,935.19,1026.82,1096.19,758.19,712.98,710.52,647.47,-1389.25,202.56
17.03.14,-4221.58,835,1004.64,1115.14,1219.59,1012.95,795.51,901.6,1332.36,173.94,-3063.64,957.38,-1531.48,794.6,262.94,-2065.71
24.03.14,779.74,-6686.27,-1221.16,883.53,1051.88,-3390.71,-3310.85,788.02,-2539.01,963.59,846.88,782.25,775.64,683.9,217.26,235.45
31.03.14,1108.71,1076.08,1255.54,1260.99,1327.71,1166.64,908.76,985.24,1194.33,1274.39,1144.99,1063.62,1169.64,1024.37,231.07,261.08
07.04.14,666.11,628.15,861.67,-3548.06,895.67,-7124.39,620.6,694.46,-1564.01,979.79,791.98,-2283.3,680.77,601.08,-603.77,219.99
14.04.14,805.19,760.9,613.8,834.3,-801.2,729.28,664.79,-2446.95,844.8,896.21,714.03,652.4,628.99,551.45,169.49,-1710.33
21.04.14,678.66,624.53,880.88,850.95,874.01,733.22,802.78,920.95,834.21,872.84,724.61,418.98,669.59,578.04,176.13,211.83
28.04.14,731.98,685.04,1007.84,993.06,1019.69,878.97,-4184.06,871.84,1075.18,1112.83,951.86,876.29,863.3,755,175.18,206.4
05.05.14,684.84,449.97,705.48,725.73,977.44,-1883.26,664.5,736.94,905.47,912.38,-2778.89,717.72,-169.7,643.03,175,201.01
12.05.14,506.12,450.15,594.19,-2215.39,798.7,686.18,607.49,685.25,1064.37,1078.45,720.78,662.86,627.03,552.63,164.84,186.21
19.05.14,462.66,398.52,616.72,719.68,-1616.9,602.66,543.27,-184.1,889.6,921.13,650.93,565.66,597.9,522.02,155.76,177.14
26.05.14,520.72,462.6,601.11,573.65,797.16,673.47,570.68,-463.23,770.63,802.3,808.74,724.75,710.34,624.78,137.37,-2663.4
02.06.14,624.66,520.01,799.14,762.05,1022.26,-1043.86,737.46,820.21,970.3,1013.53,1095.63,996.46,1184.26,1050.28,170.75,210.05
09.06.14,447.02,372.2,556.29,-678.44,672.97,597.4,-10894.87,755.61,-8949.5,905.46,739.28,662.68,669.7,582.29,-570.39,155.46
16.06.14,500.84,-4205.28,640.32,635.09,709.4,637.38,620.68,672.41,1091.15,1065.33,770.47,698.07,704.38,636.25,-2411.37,156.86
23.06.14,446.97,69.23,499.54,178.01,608.19,508.39,469.65,529.54,871.02,843.41,619.7,573.92,562.6,503.04,138.22,143.58
30.06.14,578.51,534.89,669.72,729.55,1001.45,829.04,643.08,742.54,941.73,950.36,-868.92,604.06,-1.39,589.04,152.03,155.99
07.07.14,668.25,620.81,481.4,475.53,786.09,647.71,477.04,560.87,693.77,688.11,534.97,477.1,493.3,416.53,141.85,141.87
14.07.14,644.08,593.28,426.21,470.94,772.58,628.91,599.24,-2574.69,889.4,927.54,-1535.6,423.06,-2080.96,401.32,152.81,161.54
21.07.14,-600.24,408.63,300.37,396.1,776.59,619.72,737.7,-3962.79,815.33,882.94,-570.83,463.86,-789.1,404.69,171.06,175.83
28.07.14,-4375.7,562.62,591.42,601.35,822.96,693.77,654.75,750.65,883.75,-3575.86,691.85,607.36,673.54,592.54,185.04,193.2
04.08.14,496.43,433.78,379.51,362.82,784.22,612.42,508.96,616.6,690.01,792.29,518.15,451.4,514.76,453.65,111.32,149.57
11.08.14,547.12,460.98,477,502.38,629.39,-297.03,391.95,490.63,1007.55,1064.55,552.58,512.8,534.04,482.29,168.65,166.04
18.08.14,-1322.91,504.45,-7743.18,510.08,655.09,517.81,447.42,-5560.2,739.67,-3912.8,-3252.12,556.83,-6499.5,540.8,158.24,-29.96
25.08.14,514.4,-5936.95,581.14,616.12,599.46,464.11,473.77,577.01,650.39,691.96,655.47,616.63,634.27,595.99,136.89,149.26
01.09.14,850.1,742.65,-2104.09,813.99,810.88,673.35,648.04,355.78,829.06,-34525.93,-4398.3,911.36,-5072.81,897.19,112.31,-417.05
08.09.14,824.21,693.12,-1160.46,793.98,-16083.39,675.19,763.29,636.4,1305.78,1719.46,681.16,634.7,758.46,684.3,127.19,12.52
15.09.14,1251.79,1098.23,-4674.71,1238.61,-2669.22,1188.65,1103.42,1309.37,2926.48,4022.23,1495.43,1323.59,1214.27,1109.1,175.43,211.08
22.09.14,183.33,732.54,808.79,932.59,-3481.08,1050.43,804.05,-23531.1,886.91,528.04,-1538.09,707.64,-3486.06,730.82,132.72,184.85
29.09.14,1084.11,935.65,1161.47,1322.99,1610.16,1375.6,1154.89,1326.72,1267.05,-7791.11,-2839.18,1063.53,1055.66,1053.08,163.25,221.31
06.10.14,892.04,793.28,973.26,-2142.66,1640.14,1472.89,1204.05,1336.01,1404.63,1547.13,1014.92,883.38,1028.91,922.66,181.23,244.93
13.10.14,972.68,884.56,956.57,1149.89,1578.52,1397.35,1229.44,1365.04,1183.84,1319.2,934.72,840.84,921.61,836.13,183.48,234.11
20.10.14,975.49,864.13,974.97,1083.38,1529.61,1320.47,1074.23,1226.61,1446.98,1562.44,997.58,941.45,360.51,931.75,202.83,220.08
27.10.14,962.03,865.95,-42071.07,1152.78,1364.68,1204.46,1226.34,-2771.19,1065.48,-932.75,-5081.82,972.02,-6656.32,991.8,179.86,-3199.37
03.11.14,1116.08,990.58,1825.64,1649.73,1726.38,1526.63,1245.94,1393.96,1327.99,1454.84,1438.41,1290.02,1508.46,1321.43,223.52,294.88
10.11.14,813.51,679.73,-2554.6,1187.36,1160.71,1015.07,-6660.59,952.04,1275.11,-5826.05,976.85,887.29,1006.81,891.42,-487.49,311.23
17.11.14,925.63,791.16,1149.64,1756.93,1410.16,1254.93,1048.48,1175.2,1500.8,1704.75,1162.8,1130.99,1208.92,1127.51,268.71,315.89
24.11.14,897.57,769.75,1203.16,1258.96,1271.18,1134.16,886.21,986.51,1142.06,1308.77,1347.43,1246.88,1039.4,899.14,262.67,309.15
01.12.14,1222.19,1091.66,-7899.23,1468.15,-5409.72,1594.53,1178.96,-8020.17,1203.81,1374.79,-107.09,1301.56,-1093.1,1387.93,292.35,346.65
08.12.14,820.43,786.33,1685.37,-67.47,1686.09,1471.45,1208.49,1341.18,1090.2,1272.94,1318.49,1186.92,1084.34,782.01,221.15,273.38
15.12.14,1368.79,1220.78,-148.65,1960.81,2054.94,1818.94,1419.54,1563.62,1345.35,1526.89,-2445.89,1336.79,-981.46,1293.72,247.4,289.85
22.12.14,669.42,539.24,1103.26,1184.04,1246.79,1082.17,813.79,922.48,936.87,1127.71,1158.1,1025.29,1106.16,948.49,161.44,215
29.12.14,-2765.4,627.59,1126.63,1180.41,1203.22,1029.19,800.99,908.82,1039.07,-15902.66,-5531.92,1005.16,-6995.85,1004.23,168.26,222.81
05.01.15,1137.71,1171.99,1524.73,1678.98,1789.7,1563.48,1153.71,1277.05,1488.2,1715.02,1387.69,1260.78,1448.3,1299.44,239.68,298.79
12.01.15,1037.18,925.81,1283.29,1464.59,1408.56,1257.44,917.32,1002.23,1140.98,1431.29,1105.54,-150290.2,-6639.39,1112.39,-1804.61,221.02
19.01.15,-24056.03,1454.39,1688.23,1926.11,-19579.3,1427.16,1157.27,-21929.84,1476.51,1773.15,3300.38,3799.39,-6464.4,2095.35,296.76,283.4
26.01.15,1542.13,1406.41,1632.67,1783.01,2251.29,1874.33,1657.77,1886.87,1739.06,2030.87,-2235.71,2550.8,2288.72,2098.24,263.7,250.73
02.02.15,1916.36,1752.25,1560.9,1753.5,3058.24,2508.85,1675.53,1945.4,-1536.11,1964.93,1670.51,1782.9,1794.98,1670.81,254.65,-585.07
09.02.15,1468.73,1312.45,1229.53,1286.44,1911.89,1700.37,1185.92,1314.55,1305.23,1910.7,715.04,835.08,1652.26,1471.29,218.87,229.78
16.02.15,1478.37,1352.56,1138.22,1306.19,1562.08,1373.96,1101.85,1190.11,1459.3,1618.09,-2930.64,784.42,1521.2,1321.31,197.5,-529.58
23.02.15,1564.92,1439.01,1242.07,1336.2,1527.9,1353.45,1037.84,1146.43,1418.96,1553.79,911.55,887.59,1674.01,1382.14,192.94,228
02.03.15,1499.12,1337.11,1180.56,1132,2171.89,1867.68,1161.37,-3.2,1356.92,-10737.77,-13637.28,1040.17,-14443.08,1364.23,174.32,-1159.05
09.03.15,150.2,1113.74,1052.35,1032.87,1598.86,1366.43,1226.76,1401.05,1330.52,-16003.3,-3603.2,1009.38,-10213.23,1225.88,186.91,220.48
16.03.15,1578.26,-3870.42,1191.77,-82.47,1934.13,-7802.28,-12078.54,1506.54,2060.88,2347.96,1871.11,-19668.48,2238.42,-13100.16,-433.25,242.42
23.03.15,1424.13,1329.23,1011.72,1141.56,-12179.6,1480.04,1336.3,1447.58,2250.99,2524.46,1976.82,1858.36,2222.2,2045.46,143.02,176.15
30.03.15,1514.47,-1796.95,1275.15,1311.87,2074.54,1785.01,1462.88,1626.5,1950.21,2236.42,1807.17,630.47,2308.37,2048.28,-1703.36,128.26
06.04.15,1267.03,1171.74,963.08,969.24,2393.74,2057.01,1257.51,1433.44,1496.94,-861.47,-5929.98,1250.99,-14967.64,1550.32,125.88,157.23
13.04.15,1292.73,-17044.94,964.21,973.7,1865.87,-6859.63,-10237.06,1376.66,-4016.06,1573.64,1540.44,-9719.71,1982.23,994.59,119.18,150.43
20.04.15,1343.51,1254.41,837.73,925.16,1838.3,1628.59,1193.02,1282.35,-6781.34,1743.24,1447.62,1389.38,1845.85,1697.74,113.41,139.2
27.04.15,1309.39,1239.02,1260.44,1235.88,1858.99,1632.54,1582.26,1755.16,1883.23,1999.85,1697.36,-6578.92,1961.43,-6971.53,152.43,185.25
04.05.15,1495.55,1422.16,1338.69,1263.02,2667.45,2254.23,1480.87,-895.66,-8384.69,3821.07,2121.64,2032.89,2451.17,2254.41,154.12,187.91
11.05.15,1043.02,976.7,857.67,789.08,1678.73,1447.99,1124.65,1252.81,1624.86,1763.71,1493.33,1431.47,1722.48,-690.84,-2495.61,162.03
18.05.15,884.56,1068.71,-3240.47,761.62,-4512.43,1537.68,1227.07,1320.59,1525.63,-2471.82,-1679.59,1566.97,-14882.77,1621.93,140.36,159.01
25.05.15,132.39,1090.98,-9816.55,853.15,-7251.8,1365.88,1013.45,-4902.99,1472.91,-3549.79,1801.61,1696.84,1928.82,1729.84,116.26,141.97
01.06.15,1382.08,1261.19,1261.08,1238.63,1951.19,1702.04,1188.09,1336.51,1574.92,1706.27,1852.07,1784.92,2183.29,-5443.73,122.05,148.89
08.06.15,1182.6,1082.26,956.48,1031.92,1887.42,1681.04,1393.08,1063.32,-1110.98,1662.46,1835.74,1771.45,2103.75,1925.09,118,152.6
15.06.15,1350.9,1260.16,1409.75,1503.72,2002.2,1790.12,1361.59,1474.22,-1141.76,2201.96,2237.24,2162.48,2658.39,2354.74,122.5,155.05
22.06.15,872.89,769.02,808.55,913.33,1482.63,1338.74,981.65,1075.15,1395.64,1476.19,1457.59,1434.68,-2312.64,1572.92,116.14,138.98
29.06.15,-6463.02,1056.37,1318.92,1514.99,-2660.38,1683.87,1158.94,-1504.33,1514.99,36.85,-3961.95,1673.91,2531,2095.53,123.99,139.29
06.07.15,1063.83,977.78,971.94,1143.39,2134.16,1814.43,968.68,1143.76,1305.14,1385.22,1404.47,1396.85,2008.96,1743.22,123.17,82.85
13.07.15,-6783.76,1185.43,1048.3,1148.66,1878.41,1606.86,895.88,-2798.85,1271.09,1404.95,693.14,1361.13,1942.13,1762.83,115.65,-2556.46
20.07.15,760.43,726.49,617,-851.36,1573.35,1369.85,1353.75,1464.76,1288.31,1366.32,853.93,846.49,1117.3,-13151.64,165.93,229.11
27.07.15,1238.81,1219.01,912.95,979.77,1753.67,1554.2,1033.12,1125.57,1511.2,1532.04,1278.43,1270.98,1664.75,1607.87,175.02,249.42
03.08.15,1344.94,1309.92,1048.28,1019.91,2089.26,1892.03,1200.22,1290.95,1637.13,1685.67,-4915.07,1330.43,1713.37,1598.59,126.32,184.95
10.08.15,1013.48,1019.94,742.42,741.51,1668.95,1455.51,857.44,956.57,1185.85,1244.44,1026.26,1008.14,1297.13,1231.33,128.03,175.4
17.08.15,-122.54,1265.28,661.08,-46436.15,-7646.34,1515.73,969.02,1088.95,-5425.12,1193.57,1025.02,-39994.89,1327.09,-40251.72,-2941.02,131.38
24.08.15,1242.42,1169.73,-2659.09,2207.35,1829.44,1494.3,1139.68,1321.65,1442.72,-21760.03,-20189.63,1609.48,-16437.68,1807.48,206.15,142.63
31.08.15,1516.77,1488.31,1505.96,1684.9,-4789.47,1556.91,1124.54,1262.32,1553.39,1607.7,1734.87,1713.6,2154.51,2005.26,182.98,204.16
07.09.15,1544.72,1531.7,1285.43,1700.93,1844.71,-11596.26,1379.44,1540.96,1336.25,1396.1,1213.34,1206.02,1555.63,1372.02,168.17,191.91
14.09.15,1533.85,1546.77,1865.15,2081.96,2290.21,1954.48,1484.89,1622.75,1873.18,1962.21,1769.19,1761.52,2064.85,1945.38,227.12,264.53
21.09.15,1107.6,1114.58,1068.74,1297.8,-2088.31,1447.73,1101.59,1198.02,1240.42,-18769.98,1180.19,1182.75,1456.35,1348.56,160.55,172.13
28.09.15,1182.27,-9591.94,1347.73,1579.74,1776.82,1492.56,-5191.76,1286.84,1594.29,1698.64,1329.35,1310.53,1562.72,1454.43,176.7,186.61
05.10.15,998.23,1009.56,1364.47,1474.29,1472.96,-24220.54,-14511.8,900.52,-7678.36,1152.22,930.82,-3886.79,1197.06,-4036.66,-1110.21,130.89
12.10.15,973.26,957.92,776.14,825.49,1550.62,1385.9,1077.39,1152.92,-263.35,1171.39,882.97,908.88,1076.33,1042.38,174.01,162.82
19.10.15,1326.97,1326.38,-728.29,996.69,1614.71,1445.35,1050.73,1143.89,1233.11,1249.65,-12919.7,1205.06,-11679.43,1333.1,177.14,166.34
26.10.15,1095.79,1077.48,1816.68,1587.23,1723.58,1543.94,1477.1,1582.08,1247.93,1264.64,1269.47,1281.27,1590.05,1423.71,169.19,-669.44
02.11.15,-1722.15,1052.45,-11077.07,865.64,1865.37,1634.03,1071.37,-9407.84,1433.04,-17539.52,-4752.59,1244.35,-11594.74,1422.12,128.93,-2507.17
09.11.15,879.65,876.64,845.1,802.81,1351.17,1201.42,886.27,975.43,1178.89,1264.09,1018.37,1028.15,1275.88,1240.02,145.39,180.29
16.11.15,940.15,941.24,895.54,982.25,1381.1,-2342.04,938.16,1015.53,1008.29,1086.16,1043.9,1042.66,1247.97,1276.55,143.93,193.85
23.11.15,807.27,790.03,590.59,642.04,1227.32,1108.85,854.02,909.78,957.07,1027.42,853.37,1017.99,1201.31,1250.77,127.91,172.64
30.11.15,1205.72,1208.81,938.22,1062.98,1705.99,1498.47,1043.25,1154.71,1414.02,1501.73,2056.27,-6529.35,2271.52,-1876.17,130.42,175.5
07.12.15,-7236.04,795.34,505.08,-13336.46,1325.22,1160.35,1334.9,1451.18,1153.89,1292,1367.46,-2605.76,1366.66,-867.9,143.98,167.77
14.12.15,-744.14,1451.1,1653.38,2052.89,2312.69,2039.77,1466.51,1613.72,1721.24,-4261.19,1574.19,1534.64,1854.12,1802.27,197.77,227.73
21.12.15,1104.1,1081.24,503.58,678.85,1092.76,-36.31,-393.48,759.55,914.88,998.92,723.13,688.89,868.77,822.45,118.31,137.51
28.12.15,948.17,933.51,479.27,-982.93,1070.88,914.4,680.17,13.32,958.83,-3947.97,-6053.13,723.35,-2686.35,847.37,99.63,116.02
04.01.16,1483.93,1443.46,1124.63,140.12,-8402.95,1491.84,1076.63,-6667.84,1506.26,1592.55,1179.99,1143.68,1427.46,1363.08,-759.77,182.3
11.01.16,-9003.68,1038.66,1164.92,1546.61,1739.02,1410.37,1027.64,1215.32,1263.27,-13035.21,1044.07,1031.55,1316.16,1320.57,168.4,177.39
18.01.16,1944.73,-7592.44,1045.36,1417.5,1813.23,-1158.73,995.62,1150.68,1465.22,1525.09,1056.96,1041.41,1404.12,1447.34,167.28,166.34
25.01.16,1571.71,-1643.68,-2699.61,1734.05,1707.48,-431.97,1300.87,1410.97,1600.47,1682.91,1085.85,1058.21,1306.64,1309.3,202.26,197.7
01.02.16,1658.06,1640.74,1048.83,-28688.05,1732.28,1506.66,1089.03,1193.74,2175.09,2233.42,1043.83,-15353.3,1170.18,-9627.46,-3705.16,150.24
08.02.16,1597.64,1546.38,1667.43,2126.87,1651.98,1410.02,1110.95,1228.3,2108.45,2207.22,1396.13,1359.47,1540.36,1525.75,293.41,252.25
15.02.16,1445.91,1386.47,1568.48,1641.82,1773.9,1535.34,1065.76,1188.3,2006.67,-9994.38,1207.59,1230.36,859.92,1354.11,339.6,303
22.02.16,1266.21,-1873.91,1072.75,1402.46,1502.64,1273.19,939.31,857.05,2171.75,-2128.81,1096.25,1112.8,354.27,1308.09,330.39,282.03
29.02.16,1359.33,-107.06,1511.89,1810.7,1832.94,-23315.5,-6806.85,1230.27,-4374.29,2060.02,1294.65,1285.38,1489.67,1532.28,334.92,285.37
07.03.16,1313.34,1303.48,1138.5,1405.09,1494.86,1303.17,1404.23,1529.41,1881.23,2031.91,1832.01,1852.77,2274.46,2220.12,342.18,285.52
14.03.16,1565.62,750.69,1762.19,1399.23,2029.86,1772.21,1257.63,1402.72,1990.45,2105.73,1284.84,-3735.74,1527.75,370.91,353.32,339.07
21.03.16,1098.71,1088.8,-2270.6,869.76,1334.24,1196.36,886.4,968.66,1632.58,1780.84,660.95,677.13,904.16,924.79,201.01,-58.41
28.03.16,1457.96,1397.15,1483.85,-2064.24,1884.99,1655.42,-1036.16,1254.05,2001.46,2191.05,1054.57,-4143.12,1273.68,-5300.11,222.2,215.35
04.04.16,1295.02,-396.68,1019.6,-17254.33,1732.14,1561.32,995.56,1074.54,1777.28,1942.06,790.37,834.56,957.3,1012.35,-720.3,222.76
11.04.16,1562.55,1485.35,1409.22,1681,1766.74,505.35,1101.21,1189.46,1782.88,2234.05,-2128.19,928.8,1027.6,1065.85,256.34,228.86
18.04.16,1407.5,1312.51,-8509.51,1301.95,1735.37,1456.41,1035.52,1112.51,-3440.61,1768.02,-401.14,962.04,1192.17,1207.09,210.18,189.69
25.04.16,1473.8,1395.41,2479.24,-20075.07,1769.03,1580.93,-186.33,1638.98,-1067.78,1823.28,910.74,-8956.45,1124.32,-9641.58,-2753.19,226.6
02.05.16,-20863.45,1349.34,-2646.51,1895.85,-25391.28,1959.51,1146.22,-11611.15,1792.03,-7538.25,-5259.95,1067.69,-111.83,1302.83,306.13,270.69
09.05.16,1351.17,1262.99,1122.48,1181.11,1546.7,1337.18,960.9,1074.87,1836.41,1996.17,767.02,806.23,910.42,885.94,235.6,207.34
16.05.16,-6617.46,1156.92,1051.17,1153.66,1577.08,1367.45,965.8,1092.44,1622.31,1795.52,-5010.87,853.5,-1608.96,861.54,233.01,-418.35
23.05.16,1229.13,1206.88,-6099.56,1114.61,1321.52,1168.06,819.16,934.38,1531.52,1708.93,815.46,797.85,898.79,792.06,191.57,-1710.93
30.05.16,1323.01,319.7,1295.28,-22395.66,1443.15,-13118.58,-15146.67,956.71,1757.77,-1581.24,1041.55,-8247.84,1244.17,-6584.23,-1657.73,179.2
06.06.16,1109.56,1087.94,1172.63,1289.16,1390.73,1225.43,-2054.3,1299.02,1871.45,2195.53,854.84,890.65,958.04,900.82,-1591.66,172.7
13.06.16,1530.64,1457.67,2092.89,2120.25,1603.11,1375.12,1097.35,1236.87,-5464.98,3249.87,1329.37,1388.37,1639.69,1346.16,274.04,237.58
20.06.16,-1963.52,1327.36,1773.56,2372.12,1982.55,1443.35,1270.18,1635.64,4316.16,-64732.42,691.77,1663.59,-2377.82,1892.51,515.4,443.14
27.06.16,1406.07,-2002.29,1345.59,1895.09,1874.43,-9936.4,-9734.61,1260.33,1303.11,2165.74,852.24,994.92,1606.5,1160.81,304.76,220.19
04.07.16,-7228.53,1001.1,1207.01,1486.08,1721.12,1395.59,945.24,1151.19,1913.56,-2489.17,-2334.18,802.67,1232.29,1095.1,275.65,214.9
11.07.16,1370.45,1238.49,-9126.7,1848.28,1235.31,1014.02,825.93,-194.21,1037.65,2148.67,526.23,653.44,1060.07,1030.18,256.91,157
18.07.16,-8054.91,947.73,1506.73,1758.74,-2352.95,1192.54,1051.06,-561.37,1749.53,1916.2,758.12,822.3,1301.55,1196.93,211.12,183.82
25.07.16,1334.73,1200.67,2932.59,-3005.33,1730.6,1507.67,-7112.72,1168.33,1677.07,1800.74,707.81,-7077.01,1264.75,-2774.87,-297.21,231.64
01.08.16,1155.13,1084.95,1530.29,1678.75,1670.76,-518.45,968.09,1053.99,2155.66,2264.64,-6433.69,775.22,932.07,853.67,223.77,218.11
08.08.16,990.44,-7317,973.84,-495.61,1032.76,924.99,1342.33,1433.29,1125.75,-2223.26,519.71,278.3,800.18,-323.72,182.54,172.19
15.08.16,889.93,850.81,1133.65,1257.68,1185.45,1050.21,803.33,884.22,-6719.16,1222.9,487.24,-3052.95,739.47,-3016.68,183.8,174.15
22.08.16,1015.89,986.93,-4759.48,1604.33,1483.79,1246.65,999.12,1155.98,1426.86,1481.76,-8103.46,898.57,-3180.84,961.36,187.32,178.35
29.08.16,1067.35,1014.21,1661.36,1598.71,1531.88,1275.05,963.93,1137.84,-3906.68,1323.13,948.88,999.27,1150.86,1053.55,208.3,199.53
05.09.16,-2177.89,909.81,1101.92,-1235.85,1175.5,991.67,741,864.21,973.69,1047.07,707.44,753.88,978.19,868.15,174.09,165.53
12.09.16,976.79,900.76,1348.11,1364.78,1542.14,1313.91,1003.59,1152.48,1347.55,-8595.29,626.95,768.52,1007.98,879.34,211.66,202.17
19.09.16,1206.44,1092.52,2268.58,2122.16,1409.46,-1239.4,1153.97,1315.5,1333.02,1490.22,894.66,-788.83,1168.81,1043.81,15.43,235.01
26.09.16,1387.57,1248.72,985.94,1405.59,1254.11,1029.55,780.47,932.56,1187.98,1367.65,554.84,616.39,797.49,729.56,167.65,-449.96
03.10.16,1031.62,916.51,-7233.01,1329.23,1230.34,1019.02,756.87,-4588.28,1345.07,-31399.27,-2149.16,731.79,909.29,785.7,166.95,-3408.22
10.10.16,1003.86,892.31,958.9,1083.22,1054.53,866.16,635.46,760.91,1299.72,-850.98,482.87,525.97,-4180.66,692.07,169.27,179.02
17.10.16,-4389.36,909.62,1084.16,1235.37,1214.71,996.56,788.33,932.13,1770.79,2036.92,636.59,688.16,1172.16,1013.71,145.26,145.29
24.10.16,952.64,850,810.1,962.59,1210.93,1026.58,728.74,842.5,1275.49,1425.03,489.29,551.97,857.75,771.67,142.4,144.16
31.10.16,1271.07,1129.81,1125.08,1198.36,1360.54,223.8,-6616.31,988.01,1651.75,1817.23,613.88,-2580.37,995.09,999.83,221.89,218.61
07.11.16,1158.09,1156.8,-18099.4,2352.91,-8295.19,1079.4,1045.93,-12262.82,1712,1639.49,-10512.5,1404.48,-16936.56,1706.82,374.36,-2987.15
14.11.16,1192.41,1008.38,-7894.14,1592.78,-8923.91,1305.25,808.96,1071.37,1326.49,1307.2,-422.59,752.86,1255.15,1147.41,231.94,288.82
21.11.16,979.96,858.39,28.59,1597.5,1409.47,-1462.74,765.88,945.15,1192.74,1232.79,517.73,581.5,1109.05,966.26,114.33,-606.65
28.11.16,1397.32,1339.52,-1837.43,2130.06,1570.32,1282.96,867.15,1030.72,-13671.16,1424.6,1154.99,1166.29,1854.53,1571.99,145.5,-262.99
05.12.16,974.47,-1088.4,1437.8,1616.76,1262.03,1028.7,776.71,917.41,1401.02,1494.84,1019.09,1087,1829.76,1642.75,141.45,172.29
12.12.16,-8138.25,990.58,-89.11,2073.79,-18038.26,1307.86,932.5,-14231.27,1540.46,-11341.38,-512.56,977.3,-4508.7,1338.53,184.02,219.32
19.12.16,955.96,890.05,1428.57,1665.34,1296.67,1064.18,822.32,951.79,1104.76,1234,763.2,757.39,1296.26,1156.03,125.39,157.74
26.12.16,648.46,580.77,774.27,953.28,889.96,698.75,535.13,653.44,1058.03,1180.64,596.32,602.21,1017.4,910.46,75.69,105.41