,Market_and_Exchange_Names,As_of_Date_In_Form_YYMMDD,Report_Date_as_MM_DD_YYYY,CFTC_Contract_Market_Code,CFTC_Market_Code,CFTC_Region_Code,CFTC_Commodity_Code,Open_Interest_All,NonComm_Positions_Long_All,NonComm_Positions_Short_All,NonComm_Postions_Spread_All,Comm_Positions_Long_All,Comm_Positions_Short_All,Tot_Rept_Positions_Long_All,Tot_Rept_Positions_Short_All,NonRept_Positions_Long_All,NonRept_Positions_Short_All,Open_Interest_Old,NonComm_Positions_Long_Old,NonComm_Positions_Short_Old,NonComm_Positions_Spread_Old,Comm_Positions_Long_Old,Comm_Positions_Short_Old,Tot_Rept_Positions_Long_Old,Tot_Rept_Positions_Short_Old,NonRept_Positions_Long_Old,NonRept_Positions_Short_Old,Open_Interest_Other,NonComm_Positions_Long_Other,NonComm_Positions_Short_Other,NonComm_Positions_Spread_Other,Comm_Positions_Long_Other,Comm_Positions_Short_Other,Tot_Rept_Positions_Long_Other,Tot_Rept_Positions_Short_Other,NonRept_Positions_Long_Other,NonRept_Positions_Short_Other,Change_in_Open_Interest_All,Change_in_NonComm_Long_All,Change_in_NonComm_Short_All,Change_in_NonComm_Spead_All,Change_in_Comm_Long_All,Change_in_Comm_Short_All,Change_in_Tot_Rept_Long_All,Change_in_Tot_Rept_Short_All,Change_in_NonRept_Long_All,Change_in_NonRept_Short_All,Pct_of_Open_Interest_All,Pct_of_OI_NonComm_Long_All,Pct_of_OI_NonComm_Short_All,Pct_of_OI_NonComm_Spread_All,Pct_of_OI_Comm_Long_All,Pct_of_OI_Comm_Short_All,Pct_of_OI_Tot_Rept_Long_All,Pct_of_OI_Tot_Rept_Short_All,Pct_of_OI_NonRept_Long_All,Pct_of_OI_NonRept_Short_All,Pct_of_Open_Interest_Old,Pct_of_OI_NonComm_Long_Old,Pct_of_OI_NonComm_Short_Old,Pct_of_OI_NonComm_Spread_Old,Pct_of_OI_Comm_Long_Old,Pct_of_OI_Comm_Short_Old,Pct_of_OI_Tot_Rept_Long_Old,Pct_of_OI_Tot_Rept_Short_Old,Pct_of_OI_NonRept_Long_Old,Pct_of_OI_NonRept_Short_Old,Pct_of_Open_Interest_Other,Pct_of_OI_NonComm_Long_Other,Pct_of_OI_NonComm_Short_Other,Pct_of_OI_NonComm_Spread_Other,Pct_of_OI_Comm_Long_Other,Pct_of_OI_Comm_Short_Other,Pct_of_OI_Tot_Rept_Long_Other,Pct_of_OI_Tot_Rept_Short_Other,Pct_of_OI_NonRept_Long_Other,Pct_of_OI_NonRept_Short_Other,Traders_Tot_All,Traders_NonComm_Long_All,Traders_NonComm_Short_All,Traders_NonComm_Spread_All,Traders_Comm_Long_All,Traders_Comm_Short_All,Traders_Tot_Rept_Long_All,Traders_Tot_Rept_Short_All,Traders_Tot_Old,Traders_NonComm_Long_Old,Traders_NonComm_Short_Old,Traders_NonComm_Spead_Old,Traders_Comm_Long_Old,Traders_Comm_Short_Old,Traders_Tot_Rept_Long_Old,Traders_Tot_Rept_Short_Old,Traders_Tot_Other,Traders_NonComm_Long_Other,Traders_NonComm_Short_Other,Traders_NonComm_Spread_Other,Traders_Comm_Long_Other,Traders_Comm_Short_Other,Traders_Tot_Rept_Long_Other,Traders_Tot_Rept_Short_Other,Conc_Gross_LE_4_TDR_Long_All,Conc_Gross_LE_4_TDR_Short_All,Conc_Gross_LE_8_TDR_Long_All,Conc_Gross_LE_8_TDR_Short_All,Conc_Net_LE_4_TDR_Long_All,Conc_Net_LE_4_TDR_Short_All,Conc_Net_LE_8_TDR_Long_All,Conc_Net_LE_8_TDR_Short_All,Conc_Gross_LE_4_TDR_Long_Old,Conc_Gross_LE_4_TDR_Short_Old,Conc_Gross_LE_8_TDR_Long_Old,Conc_Gross_LE_8_TDR_Short_Old,Conc_Net_LE_4_TDR_Long_Old,Conc_Net_LE_4_TDR_Short_Old,Conc_Net_LE_8_TDR_Long_Old,Conc_Net_LE_8_TDR_Short_Old,Conc_Gross_LE_4_TDR_Long_Other,Conc_Gross_LE_4_TDR_Short_Other,Conc_Gross_LE_8_TDR_Long_Other,Conc_Gross_LE_8_TDR_Short_Other,Conc_Net_LE_4_TDR_Long_Other,Conc_Net_LE_4_TDR_Short_Other,Conc_Net_LE_8_TDR_Long_Other,Conc_Net_LE_8_TDR_Short_Other,Contract_Units,NonComm_Pos,NonComm_Diff,NonComm_Signal1,Comm_Pos,Comm_Diff,Comm_Signal1
0,"UNLEADED GASOLINE, N.Y. HARBOR - NEW YORK MERCANTILE EXCHANGE",2006-01-03,03.01.2006,240743,CME,0,240,40026,3487,4685,446,29321,22084,33254,27215,6772,12811,40026,3487,4685,446,29321,22084,33254,27215,6772,12811,0,0,0,0,0,0,0,0,0,0,-66.0,-273.0,-756.0,118.0,863.0,1686.0,708.0,1048.0,-774.0,-1114.0,100,8.7,11.7,1.1,73.3,55.2,83.1,68.0,16.9,32.0,100,8.7,11.7,1.1,73.3,55.2,83.1,68.0,16.9,32.0,100,0.0,0.0,0.0,0.0,0.0,0.0,0.0,0.0,0.0,55,11,8,3,21,17,33,27,55,11,8,3,21,17,33,27,0,0,0,0,0,0,0,0,35.6,38.8,53.5,49.8,27.8,35.4,44.3,42.9,35.6,38.8,53.5,49.8,27.8,35.4,44.3,42.9,0.0,0.0,0.0,0.0,0.0,0.0,0.0,0.0,(NIKKEI INDEX X 500 YEN),-1198,-0.14659813999,LONG,7237,0.140783970431,SHORT
1,"UNLEADED GASOLINE, N.Y. HARBOR - NEW YORK MERCANTILE EXCHANGE",2006-01-10,10.01.2006,246602,CBT,0,246,43983,2282,16066,738,40828,26750,43848,43554,135,429,43983,2282,16066,738,40828,26750,43848,43554,135,429,0,0,0,0,0,0,0,0,0,0,702.0,382.0,460.0,80.0,230.0,-134.0,692.0,406.0,10.0,296.0,100,5.2,36.5,1.7,92.8,60.8,99.7,99.0,0.3,1.0,100,5.2,36.5,1.7,92.8,60.8,99.7,99.0,0.3,1.0,100,0.0,0.0,0.0,0.0,0.0,0.0,0.0,0.0,0.0,40,9,12,4,14,10,25,24,40,9,12,4,14,10,25,24,0,0,0,0,0,0,0,0,81.0,81.5,92.3,94.3,80.8,80.5,91.8,92.8,81.0,81.5,92.3,94.3,80.8,80.5,91.8,92.8,0.0,0.0,0.0,0.0,0.0,0.0,0.0,0.0,"(CONTRACTS OF $100,000 NOTIONAL PRINCIPAL)",-13784,-0.75125354262,LONG,14078,0.208322235047,SHORT
2,"UNLEADED GASOLINE, N.Y. HARBOR - NEW YORK MERCANTILE EXCHANGE",2006-01-17,17.01.2006,246602,CBT,0,246,34615,4182,6574,1046,29229,25573,34457,33193,158,1422,34615,4182,6574,1046,29229,25573,34457,33193,158,1422,0,0,0,0,0,0,0,0,0,0,-1886.0,109.0,-302.0,-65.0,-1992.0,-1731.0,-1948.0,-2098.0,62.0,212.0,100,12.1,19.0,3.0,84.4,73.9,99.5,95.9,0.5,4.1,100,12.1,19.0,3.0,84.4,73.9,99.5,95.9,0.5,4.1,100,0.0,0.0,0.0,0.0,0.0,0.0,0.0,0.0,0.0,61,5,23,4,18,20,26,44,61,5,23,4,18,20,26,44,0,0,0,0,0,0,0,0,45.4,45.6,73.3,63.8,45.4,45.1,73.2,63.3,45.4,45.6,73.3,63.8,45.4,45.1,73.2,63.3,0.0,0.0,0.0,0.0,0.0,0.0,0.0,0.0,"(CONTRACTS OF $100,000 NOTIONAL PRINCIPAL)",-2392,-0.222387504649,LONG,3656,0.06671289369,SHORT
3,"UNLEADED GASOLINE, N.Y. HARBOR - NEW YORK MERCANTILE EXCHANGE",2006-01-24,24.01.2006,246602,CBT,0,246,53498,103,2060,0,53258,50498,53361,52558,137,940,53498,103,2060,0,53258,50498,53361,52558,137,940,0,0,0,0,0,0,0,0,0,0,-912.0,-291.0,-593.0,0.0,-598.0,-253.0,-889.0,-846.0,-23.0,-66.0,100,0.2,3.9,0.0,99.6,94.4,99.7,98.2,0.3,1.8,100,0.2,3.9,0.0,99.6,94.4,99.7,98.2,0.3,1.8,100,0.0,0.0,0.0,0.0,0.0,0.0,0.0,0.0,0.0,44,2,7,0,16,23,18,30,44,2,7,0,16,23,18,30,0,0,0,0,0,0,0,0,86.9,67.0,96.3,82.6,86.9,67.0,96.3,82.1,86.9,67.0,96.3,82.6,86.9,67.0,96.3,82.1,0.0,0.0,0.0,0.0,0.0,0.0,0.0,0.0,"(CONTRACTS OF $100,000 NOTIONAL PRINCIPAL)",-1957,-0.904761904762,LONG,2760,0.0266008712749,SHORT
4,"UNLEADED GASOLINE, N.Y. HARBOR - NEW YORK MERCANTILE EXCHANGE",2006-01-31,31.01.2006,247601,CBT,0,246,600,88,50,0,489,521,577,571,23,29,600,88,50,0,489,521,577,571,23,29,0,0,0,0,0,0,0,0,0,0,-16.0,38.0,-157.0,0.0,-65.0,168.0,-27.0,11.0,11.0,-27.0,100,14.7,8.3,0.0,81.5,86.8,96.2,95.2,3.8,4.8,100,14.7,8.3,0.0,81.5,86.8,96.2,95.2,3.8,4.8,100,0.0,0.0,0.0,0.0,0.0,0.0,0.0,0.0,0.0,7,2,1,0,2,2,4,3,7,2,1,0,2,2,4,3,0,0,0,0,0,0,0,0,96.2,95.2,96.2,95.2,96.2,95.2,96.2,95.2,96.2,95.2,96.2,95.2,96.2,95.2,96.2,95.2,0.0,0.0,0.0,0.0,0.0,0.0,0.0,0.0,"(NOTIONAL VALUE OF $25,000,000)",38,0.275362318841,SHORT,-32,-0.0316831683168,LONG
5,"UNLEADED GASOLINE, N.Y. HARBOR - NEW YORK MERCANTILE EXCHANGE",2006-02-07,07.02.2006,251601,CBT,0,251,242,80,0,0,0,202,80,202,162,40,242,80,0,0,0,202,80,202,162,40,0,0,0,0,0,0,0,0,0,0,2.0,-5.0,0.0,0.0,0.0,7.0,-5.0,7.0,7.0,-5.0,100,33.1,0.0,0.0,0.0,83.5,33.1,83.5,66.9,16.5,100,33.1,0.0,0.0,0.0,83.5,33.1,83.5,66.9,16.5,100,0.0,0.0,0.0,0.0,0.0,0.0,0.0,0.0,0.0,7,2,0,0,0,5,2,5,7,2,0,0,0,5,2,5,0,0,0,0,0,0,0,0,33.1,72.3,33.1,83.5,33.1,72.3,33.1,83.5,33.1,72.3,33.1,83.5,33.1,72.3,33.1,83.5,0.0,0.0,0.0,0.0,0.0,0.0,0.0,0.0,(CONTRACTS OF 100 TONS),80,1.0,SHORT,-202,-1.0,LONG
6,"UNLEADED GASOLINE, N.Y. HARBOR - NEW YORK MERCANTILE EXCHANGE",2006-02-14,14.02.2006,251601,CBT,0,251,1407,218,447,48,567,714,833,1209,574,198,527,48,408,0,308,62,356,470,171,57,880,218,87,0,259,652,477,739,403,141,-71.0,-91.0,-32.0,-92.0,37.0,133.0,-146.0,9.0,75.0,-80.0,100,15.5,31.8,3.4,40.3,50.7,59.2,85.9,40.8,14.1,100,9.1,77.4,0.0,58.4,11.8,67.6,89.2,32.4,10.8,100,24.8,9.9,0.0,29.4,74.1,54.2,84.0,45.8,16.0,25,6,2,1,10,8,17,10,9,1,1,0,5,2,6,3,19,6,2,0,6,6,12,8,27.0,70.2,39.6,81.9,27.0,70.2,39.0,80.3,54.6,89.2,67.6,89.2,54.6,89.2,67.6,89.2,27.7,67.3,42.6,84.0,27.7,67.3,42.2,80.6,(CONTRACTS OF 100 TONS),-229,-0.344360902256,LONG,-147,-0.114754098361,LONG
7,"UNLEADED GASOLINE, N.Y. HARBOR - NEW YORK MERCANTILE EXCHANGE",2006-02-21,21.02.2006,253601,CBT,0,253,416,50,350,0,225,0,275,350,141,66,366,50,350,0,225,0,275,350,91,16,50,0,0,0,0,0,0,0,50,50,-14.0,25.0,11.0,0.0,-15.0,0.0,10.0,11.0,-24.0,-25.0,100,12.0,84.1,0.0,54.1,0.0,66.1,84.1,33.9,15.9,100,13.7,95.6,0.0,61.5,0.0,75.1,95.6,24.9,4.4,100,0.0,0.0,0.0,0.0,0.0,0.0,0.0,100.0,100.0,6,2,1,0,3,0,5,1,6,2,1,0,3,0,5,1,0,0,0,0,0,0,0,0,60.1,84.1,66.1,84.1,60.1,84.1,66.1,84.1,68.3,95.6,75.1,95.6,68.3,95.6,75.1,95.6,0.0,0.0,0.0,0.0,0.0,0.0,0.0,0.0,(CONTRACTS OF 100 TONS),-300,-0.75,LONG,225,1.0,SHORT
8,"UNLEADED GASOLINE, N.Y. HARBOR - NEW YORK MERCANTILE EXCHANGE",2006-02-28,28.02.2006,255691,CMX,1,255,1188,0,0,0,1152,1179,1152,1179,36,9,1188,0,0,0,1152,1179,1152,1179,36,9,0,0,0,0,0,0,0,0,0,0,1.0,0.0,0.0,0.0,6.0,2.0,6.0,2.0,-5.0,-1.0,100,0.0,0.0,0.0,97.0,99.2,97.0,99.2,3.0,0.8,100,0.0,0.0,0.0,97.0,99.2,97.0,99.2,3.0,0.8,100,0.0,0.0,0.0,0.0,0.0,0.0,0.0,0.0,0.0,7,0,0,0,4,3,4,3,7,0,0,0,4,3,4,3,0,0,0,0,0,0,0,0,97.0,99.2,97.0,99.2,97.0,99.2,97.0,99.2,97.0,99.2,97.0,99.2,97.0,99.2,97.0,99.2,0.0,0.0,0.0,0.0,0.0,0.0,0.0,0.0,(EUROTOP 100 INDEX X $100),0,-0.75,LONG,-27,-0.011583011583,LONG
9,"UNLEADED GASOLINE, N.Y. HARBOR - NEW YORK MERCANTILE EXCHANGE",2006-03-07,07.03.2006,255691,CMX,1,255,2353,200,0,0,1941,2299,2141,2299,212,54,2353,200,0,0,1941,2299,2141,2299,212,54,0,0,0,0,0,0,0,0,0,0,36.0,-16.0,0.0,0.0,54.0,31.0,38.0,31.0,-2.0,5.0,100,8.5,0.0,0.0,82.5,97.7,91.0,97.7,9.0,2.3,100,8.5,0.0,0.0,82.5,97.7,91.0,97.7,9.0,2.3,100,0.0,0.0,0.0,0.0,0.0,0.0,0.0,0.0,0.0,7,1,0,0,5,1,6,1,7,1,0,0,5,1,6,1,0,0,0,0,0,0,0,0,87.4,97.7,91.0,97.7,87.4,97.7,91.0,97.7,87.4,97.7,91.0,97.7,87.4,97.7,91.0,97.7,0.0,0.0,0.0,0.0,0.0,0.0,0.0,0.0,(EUROTOP 100 INDEX X $100),200,1.0,SHORT,-358,-0.0844339622642,LONG
10,"UNLEADED GASOLINE, N.Y. HARBOR - NEW YORK MERCANTILE EXCHANGE",2006-03-14,14.03.2006,255691,CMX,1,255,3483,43,0,0,3247,3375,3290,3375,193,108,3483,43,0,0,3247,3375,3290,3375,193,108,0,0,0,0,0,0,0,0,0,0,-17.0,43.0,0.0,0.0,-32.0,-27.0,11.0,-27.0,-28.0,10.0,100,1.2,0.0,0.0,93.2,96.9,94.5,96.9,5.5,3.1,100,1.2,0.0,0.0,93.2,96.9,94.5,96.9,5.5,3.1,100,0.0,0.0,0.0,0.0,0.0,0.0,0.0,0.0,0.0,12,1,0,0,9,3,10,3,12,1,0,0,9,3,10,3,0,0,0,0,0,0,0,0,84.8,96.9,92.8,96.9,84.2,96.3,92.2,96.3,84.8,96.9,92.8,96.9,84.2,96.3,92.2,96.3,0.0,0.0,0.0,0.0,0.0,0.0,0.0,0.0,(EUROTOP 100 INDEX X $100),43,1.0,SHORT,-128,-0.0193295077016,LONG
11,"UNLEADED GASOLINE, N.Y. HARBOR - NEW YORK MERCANTILE EXCHANGE",2006-03-21,21.03.2006,255691,CMX,1,255,1003,34,89,254,574,550,862,893,141,110,994,34,89,254,574,550,862,893,132,101,9,0,0,0,0,0,0,0,9,9,36.0,9.0,27.0,3.0,13.0,-5.0,25.0,25.0,11.0,11.0,100,3.4,8.9,25.3,57.2,54.8,85.9,89.0,14.1,11.0,100,3.4,9.0,25.6,57.7,55.3,86.7,89.8,13.3,10.2,100,0.0,0.0,0.0,0.0,0.0,0.0,0.0,100.0,100.0,9,1,3,1,4,2,6,5,9,1,3,1,4,2,6,5,0,0,0,0,0,0,0,0,80.0,86.0,85.9,89.0,30.3,32.8,30.3,33.4,80.7,86.8,86.7,89.8,30.6,33.1,30.6,33.7,0.0,0.0,0.0,0.0,0.0,0.0,0.0,0.0,(EUROTOP 100 INDEX X $100),-55,-0.447154471545,LONG,24,0.0213523131673,SHORT
12,"UNLEADED GASOLINE, N.Y. HARBOR - NEW YORK MERCANTILE EXCHANGE",2006-03-28,28.03.2006,256741,CME,0,256,38911,13355,1325,0,25269,37424,38624,38749,287,162,38911,13355,1325,0,25269,37424,38624,38749,287,162,0,0,0,0,0,0,0,0,0,0,-505.0,-111.0,98.0,-12.0,-61.0,-264.0,-184.0,-178.0,-321.0,-327.0,100,34.3,3.4,0.0,64.9,96.2,99.3,99.6,0.7,0.4,100,34.3,3.4,0.0,64.9,96.2,99.3,99.6,0.7,0.4,100,0.0,0.0,0.0,0.0,0.0,0.0,0.0,0.0,0.0,24,10,4,0,7,3,17,7,24,10,4,0,7,3,17,7,0,0,0,0,0,0,0,0,74.2,99.3,95.9,99.6,74.2,99.3,95.9,99.6,74.2,99.3,95.9,99.6,74.2,99.3,95.9,99.6,0.0,0.0,0.0,0.0,0.0,0.0,0.0,0.0,(GSCI X $250),12030,0.819482288828,SHORT,-12155,-0.193881294562,LONG
13,"UNLEADED GASOLINE, N.Y. HARBOR - NEW YORK MERCANTILE EXCHANGE",2006-04-04,04.04.2006,256741,CME,0,256,25513,1253,1506,1171,20889,22486,23313,25163,2200,350,25513,1253,1506,1171,20889,22486,23313,25163,2200,350,0,0,0,0,0,0,0,0,0,0,203.0,-2756.0,152.0,1171.0,378.0,-1078.0,-1207.0,245.0,1410.0,-42.0,100,4.9,5.9,4.6,81.9,88.1,91.4,98.6,8.6,1.4,100,4.9,5.9,4.6,81.9,88.1,91.4,98.6,8.6,1.4,100,0.0,0.0,0.0,0.0,0.0,0.0,0.0,0.0,0.0,28,9,6,2,10,3,20,11,28,9,6,2,10,3,20,11,0,0,0,0,0,0,0,0,70.1,94.7,85.7,98.1,70.1,92.1,82.5,93.7,70.1,94.7,85.7,98.1,70.1,92.1,82.5,93.7,0.0,0.0,0.0,0.0,0.0,0.0,0.0,0.0,(GSCI X $250),-253,-0.091699891265,LONG,-1597,-0.036818443804,LONG
14,"UNLEADED GASOLINE, N.Y. HARBOR - NEW YORK MERCANTILE EXCHANGE",2006-04-11,11.04.2006,256741,CME,0,256,16227,5548,38,29,10069,15766,15646,15833,581,394,16195,5548,38,29,10069,15766,15646,15833,549,362,32,0,0,0,0,0,0,0,32,32,-359.0,-375.0,-10.0,29.0,7.0,-407.0,-339.0,-388.0,-20.0,29.0,100,34.2,0.2,0.2,62.1,97.2,96.4,97.6,3.6,2.4,100,34.3,0.2,0.2,62.2,97.4,96.6,97.8,3.4,2.2,100,0.0,0.0,0.0,0.0,0.0,0.0,0.0,100.0,100.0,17,8,1,1,4,3,13,5,17,8,1,1,4,3,13,5,0,0,0,0,0,0,0,0,81.3,97.4,92.2,97.6,81.3,97.4,92.2,97.4,81.4,97.6,92.4,97.8,81.4,97.6,92.4,97.6,0.0,0.0,0.0,0.0,0.0,0.0,0.0,0.0,(GSCI X $250),5510,0.986394557823,SHORT,-5697,-0.220514805496,LONG
15,"UNLEADED GASOLINE, N.Y. HARBOR - NEW YORK MERCANTILE EXCHANGE",2006-04-18,18.04.2006,256741,CME,0,256,5413,1491,323,650,3002,4206,5143,5179,270,234,5413,1491,323,650,3002,4206,5143,5179,270,234,0,0,0,0,0,0,0,0,0,0,-25.0,-69.0,30.0,0.0,-57.0,-114.0,-126.0,-84.0,101.0,59.0,100,27.5,6.0,12.0,55.5,77.7,95.0,95.7,5.0,4.3,100,27.5,6.0,12.0,55.5,77.7,95.0,95.7,5.0,4.3,100,0.0,0.0,0.0,0.0,0.0,0.0,0.0,0.0,0.0,15,6,3,2,4,2,12,6,15,6,3,2,4,2,12,6,0,0,0,0,0,0,0,0,61.9,94.3,84.1,95.7,61.3,80.7,78.5,80.7,61.9,94.3,84.1,95.7,61.3,80.7,78.5,80.7,0.0,0.0,0.0,0.0,0.0,0.0,0.0,0.0,(GSCI X $250),1168,0.64388092613,SHORT,-1204,-0.167036625971,LONG
16,"UNLEADED GASOLINE, N.Y. HARBOR - NEW YORK MERCANTILE EXCHANGE",2006-04-25,25.04.2006,256741,CME,0,256,1293,856,0,212,132,326,1200,538,93,755,712,643,0,0,0,326,643,326,69,386,581,425,212,0,132,0,557,212,24,369,87.0,311.0,0.0,0.0,-17.0,-20.0,294.0,-20.0,-207.0,107.0,100,66.2,0.0,16.4,10.2,25.2,92.8,41.6,7.2,58.4,100,90.3,0.0,0.0,0.0,45.8,90.3,45.8,9.7,54.2,100,73.1,36.5,0.0,22.7,0.0,95.9,36.5,4.1,63.5,5,3,0,1,1,2,4,3,4,2,0,0,0,2,2,2,4,2,1,0,1,0,3,1,92.8,41.6,92.8,41.6,66.2,15.0,66.2,15.0,90.3,45.8,90.3,45.8,90.3,45.8,90.3,45.8,95.9,36.5,95.9,36.5,95.9,36.5,95.9,36.5,(GSCI X $250),856,1.0,SHORT,-194,-0.423580786026,LONG
17,"UNLEADED GASOLINE, N.Y. HARBOR - NEW YORK MERCANTILE EXCHANGE",2006-05-02,02.05.2006,271741,CME,0,271,368,36,0,25,83,187,144,212,224,156,367,36,0,25,83,187,144,212,223,155,1,0,0,0,0,0,0,0,1,1,52.0,-29.0,0.0,-7.0,11.0,65.0,-25.0,58.0,77.0,-6.0,100,9.8,0.0,6.8,22.6,50.8,39.1,57.6,60.9,42.4,100,9.8,0.0,6.8,22.6,51.0,39.2,57.8,60.8,42.2,100,0.0,0.0,0.0,0.0,0.0,0.0,0.0,100.0,100.0,6,1,0,1,3,1,5,2,6,1,0,1,3,1,5,2,0,0,0,0,0,0,0,0,32.3,57.6,39.1,57.6,32.3,50.8,32.3,50.8,32.4,57.8,39.2,57.8,32.4,51.0,32.4,51.0,0.0,0.0,0.0,0.0,0.0,0.0,0.0,0.0,"(CONTRACTS OF MP 2,000,000 FACE VALUE)",36,1.0,SHORT,-104,-0.385185185185,LONG
18,"UNLEADED GASOLINE, N.Y. HARBOR - NEW YORK MERCANTILE EXCHANGE",2006-05-09,09.05.2006,294661,NYCE,1,96,2142,1202,478,0,504,1465,1706,1943,436,199,2142,1202,478,0,504,1465,1706,1943,436,199,0,0,0,0,0,0,0,0,0,0,141.0,102.0,-74.0,0.0,18.0,130.0,120.0,56.0,21.0,85.0,100,56.1,22.3,0.0,23.5,68.4,79.6,90.7,20.4,9.3,100,56.1,22.3,0.0,23.5,68.4,79.6,90.7,20.4,9.3,100,0.0,0.0,0.0,0.0,0.0,0.0,0.0,0.0,0.0,25,7,4,0,6,9,13,13,25,7,4,0,6,9,13,13,0,0,0,0,0,0,0,0,63.6,62.7,73.6,80.0,63.6,62.7,73.6,80.0,63.6,62.7,73.6,80.0,63.6,62.7,73.6,80.0,0.0,0.0,0.0,0.0,0.0,0.0,0.0,0.0,"(CONTRACTS OF 125,000 POUND STERLING)",724,0.430952380952,SHORT,-961,-0.488065007618,LONG
19,"UNLEADED GASOLINE, N.Y. HARBOR - NEW YORK MERCANTILE EXCHANGE",2006-05-16,16.05.2006,294661,NYCE,1,96,869,458,26,0,310,824,768,850,101,19,869,458,26,0,310,824,768,850,101,19,0,0,0,0,0,0,0,0,0,0,-44.0,-117.0,26.0,0.0,107.0,-35.0,-10.0,-9.0,-34.0,-35.0,100,52.7,3.0,0.0,35.7,94.8,88.4,97.8,11.6,2.2,100,52.7,3.0,0.0,35.7,94.8,88.4,97.8,11.6,2.2,100,0.0,0.0,0.0,0.0,0.0,0.0,0.0,0.0,0.0,13,3,1,0,5,4,8,5,13,3,1,0,5,4,8,5,0,0,0,0,0,0,0,0,67.7,94.8,88.4,97.8,67.7,94.8,88.4,97.8,67.7,94.8,88.4,97.8,67.7,94.8,88.4,97.8,0.0,0.0,0.0,0.0,0.0,0.0,0.0,0.0,"(CONTRACTS OF 125,000 POUND STERLING)",432,0.892561983471,SHORT,-514,-0.453262786596,LONG
20,"UNLEADED GASOLINE, N.Y. HARBOR - NEW YORK MERCANTILE EXCHANGE",2006-05-23,23.05.2006,296661,NYCE,1,96,3371,0,1551,0,2800,1037,2800,2588,571,783,3371,0,1551,0,2800,1037,2800,2588,571,783,0,0,0,0,0,0,0,0,0,0,1397.0,0.0,1551.0,0.0,1779.0,-285.0,1779.0,1266.0,-382.0,131.0,100,0.0,46.0,0.0,83.1,30.8,83.1,76.8,16.9,23.2,100,0.0,46.0,0.0,83.1,30.8,83.1,76.8,16.9,23.2,100,0.0,0.0,0.0,0.0,0.0,0.0,0.0,0.0,0.0,10,0,3,0,5,2,5,5,10,0,3,0,5,2,5,5,0,0,0,0,0,0,0,0,76.0,66.7,83.1,76.8,76.0,66.7,83.1,76.8,76.0,66.7,83.1,76.8,76.0,66.7,83.1,76.8,0.0,0.0,0.0,0.0,0.0,0.0,0.0,0.0,"(CONTRACTS OF 125,000 POUND STERLING)",-1551,-1.0,LONG,1763,0.459473547042,SHORT
21,"UNLEADED GASOLINE, N.Y. HARBOR - NEW YORK MERCANTILE EXCHANGE",2006-05-30,30.05.2006,299661,NYBT,1,99,36370,30915,664,0,6,31997,30921,32661,5449,3709,36370,30915,664,0,6,31997,30921,32661,5449,3709,0,0,0,0,0,0,0,0,0,0,2293.0,2087.0,-145.0,0.0,0.0,2009.0,2087.0,1864.0,206.0,429.0,100,85.0,1.8,0.0,0.0,88.0,85.0,89.8,15.0,10.2,100,85.0,1.8,0.0,0.0,88.0,85.0,89.8,15.0,10.2,100,0.0,0.0,0.0,0.0,0.0,0.0,0.0,0.0,0.0,23,9,1,0,1,13,10,14,23,9,1,0,1,13,10,14,0,0,0,0,0,0,0,0,74.8,63.1,83.8,79.8,74.8,63.1,83.8,79.7,74.8,63.1,83.8,79.8,74.8,63.1,83.8,79.7,0.0,0.0,0.0,0.0,0.0,0.0,0.0,0.0,"(CONTRACTS OF EURO 200,000)",30251,0.957946736755,SHORT,-31991,-0.999625035153,LONG
22,"UNLEADED GASOLINE, N.Y. HARBOR - NEW YORK MERCANTILE EXCHANGE",2006-06-06,06.06.2006,299661,NYCE,1,99,1343,0,896,0,932,0,932,896,411,447,1343,0,896,0,932,0,932,896,411,447,0,0,0,0,0,0,0,0,0,0,-45.0,0.0,120.0,0.0,-182.0,0.0,-182.0,120.0,137.0,-165.0,100,0.0,66.7,0.0,69.4,0.0,69.4,66.7,30.6,33.3,100,0.0,66.7,0.0,69.4,0.0,69.4,66.7,30.6,33.3,100,0.0,0.0,0.0,0.0,0.0,0.0,0.0,0.0,0.0,5,0,2,0,3,0,3,2,5,0,2,0,3,0,3,2,0,0,0,0,0,0,0,0,69.4,66.7,69.4,66.7,69.4,66.7,69.4,66.7,69.4,66.7,69.4,66.7,69.4,66.7,69.4,66.7,0.0,0.0,0.0,0.0,0.0,0.0,0.0,0.0,"(CONTRACTS OF ECU 100,000)",-896,-1.0,LONG,932,1.0,SHORT
23,"UNLEADED GASOLINE, N.Y. HARBOR - NEW YORK MERCANTILE EXCHANGE",2006-06-13,13.06.2006,338741,CME,0,138,13338,1769,0,0,5907,11829,7676,11829,5662,1509,13338,1769,0,0,5907,11829,7676,11829,5662,1509,0,0,0,0,0,0,0,0,0,0,254.0,370.0,0.0,0.0,124.0,119.0,494.0,119.0,-240.0,135.0,100,13.3,0.0,0.0,44.3,88.7,57.5,88.7,42.5,11.3,100,13.3,0.0,0.0,44.3,88.7,57.5,88.7,42.5,11.3,100,0.0,0.0,0.0,0.0,0.0,0.0,0.0,0.0,0.0,29,4,0,0,13,13,17,13,29,4,0,0,13,13,17,13,0,0,0,0,0,0,0,0,25.5,44.3,39.8,72.3,25.5,43.3,39.8,70.6,25.5,44.3,39.8,72.3,25.5,43.3,39.8,70.6,0.0,0.0,0.0,0.0,0.0,0.0,0.0,0.0,(S&P 400 INDEX X $500),1769,1.0,SHORT,-5922,-0.333897158322,LONG
24,"UNLEADED GASOLINE, N.Y. HARBOR - NEW YORK MERCANTILE EXCHANGE",2006-06-20,20.06.2006,338741,CME,0,138,12952,248,2126,0,10448,9426,10696,11552,2256,1400,12952,248,2126,0,10448,9426,10696,11552,2256,1400,0,0,0,0,0,0,0,0,0,0,34.0,-128.0,-223.0,0.0,202.0,3.0,74.0,-220.0,-40.0,254.0,100,1.9,16.4,0.0,80.7,72.8,82.6,89.2,17.4,10.8,100,1.9,16.4,0.0,80.7,72.8,82.6,89.2,17.4,10.8,100,0.0,0.0,0.0,0.0,0.0,0.0,0.0,0.0,0.0,48,2,4,0,27,17,29,21,48,2,4,0,27,17,29,21,0,0,0,0,0,0,0,0,35.3,43.8,52.8,63.4,35.3,43.0,52.8,62.6,35.3,43.8,52.8,63.4,35.3,43.0,52.8,62.6,0.0,0.0,0.0,0.0,0.0,0.0,0.0,0.0,(S&P 400 INDEX X $500),-1878,-0.791069924179,LONG,1022,0.0514239710174,SHORT
25,"UNLEADED GASOLINE, N.Y. HARBOR - NEW YORK MERCANTILE EXCHANGE",2006-06-27,27.06.2006,338741,CME,0,138,18913,1564,0,0,13532,16549,15096,16549,3817,2364,18913,1564,0,0,13532,16549,15096,16549,3817,2364,0,0,0,0,0,0,0,0,0,0,2784.0,132.0,0.0,0.0,1382.0,1229.0,1514.0,1229.0,1270.0,1555.0,100,8.3,0.0,0.0,71.5,87.5,79.8,87.5,20.2,12.5,100,8.3,0.0,0.0,71.5,87.5,79.8,87.5,20.2,12.5,100,0.0,0.0,0.0,0.0,0.0,0.0,0.0,0.0,0.0,45,4,0,0,32,18,36,18,45,4,0,0,32,18,36,18,0,0,0,0,0,0,0,0,27.5,55.4,44.3,73.4,22.0,44.4,36.7,61.8,27.5,55.4,44.3,73.4,22.0,44.4,36.7,61.8,0.0,0.0,0.0,0.0,0.0,0.0,0.0,0.0,(S&P 400 INDEX X $500),1564,1.0,SHORT,-3017,-0.100295867824,LONG
26,"UNLEADED GASOLINE, N.Y. HARBOR - NEW YORK MERCANTILE EXCHANGE",2006-07-03,03.07.2006,338741,CME,0,138,13216,1147,188,460,10917,12153,12524,12801,692,415,13216,1147,188,460,10917,12153,12524,12801,692,415,0,0,0,0,0,0,0,0,0,0,-502.0,-11.0,107.0,-16.0,-342.0,-466.0,-369.0,-375.0,-133.0,-127.0,100,8.7,1.4,3.5,82.6,92.0,94.8,96.9,5.2,3.1,100,8.7,1.4,3.5,82.6,92.0,94.8,96.9,5.2,3.1,100,0.0,0.0,0.0,0.0,0.0,0.0,0.0,0.0,0.0,85,10,4,2,50,23,60,29,85,10,4,2,50,23,60,29,0,0,0,0,0,0,0,0,32.3,42.0,47.5,63.3,32.1,42.0,46.2,63.3,32.3,42.0,47.5,63.3,32.1,42.0,46.2,63.3,0.0,0.0,0.0,0.0,0.0,0.0,0.0,0.0,(S&P 400 INDEX X $500),959,0.718352059925,SHORT,-1236,-0.0535760728218,LONG
27,"UNLEADED GASOLINE, N.Y. HARBOR - NEW YORK MERCANTILE EXCHANGE",2006-07-11,11.07.2006,338741,CME,0,138,11776,528,544,0,10702,10840,11230,11384,546,392,11765,528,544,0,10702,10840,11230,11384,535,381,11,0,0,0,0,0,0,0,11,11,-134.0,79.0,9.0,0.0,-174.0,-248.0,-95.0,-239.0,-39.0,105.0,100,4.5,4.6,0.0,90.9,92.1,95.4,96.7,4.6,3.3,100,4.5,4.6,0.0,91.0,92.1,95.5,96.8,4.5,3.2,100,0.0,0.0,0.0,0.0,0.0,0.0,0.0,100.0,100.0,62,5,4,0,39,16,44,20,62,5,4,0,39,16,44,20,0,0,0,0,0,0,0,0,34.4,64.3,52.5,81.6,29.6,63.3,46.5,78.8,34.4,64.4,52.6,81.6,29.6,63.3,46.5,78.9,0.0,0.0,0.0,0.0,0.0,0.0,0.0,0.0,(S&P 400 INDEX X $500),-16,-0.0149253731343,LONG,-138,-0.006406090428,LONG
28,"UNLEADED GASOLINE, N.Y. HARBOR - NEW YORK MERCANTILE EXCHANGE",2006-07-18,18.07.2006,338741,CME,0,138,10684,482,633,0,9104,9571,9586,10204,1098,480,10684,482,633,0,9104,9571,9586,10204,1098,480,0,0,0,0,0,0,0,0,0,0,-587.0,-27.0,261.0,0.0,-563.0,-1053.0,-590.0,-792.0,3.0,205.0,100,4.5,5.9,0.0,85.2,89.6,89.7,95.5,10.3,4.5,100,4.5,5.9,0.0,85.2,89.6,89.7,95.5,10.3,4.5,100,0.0,0.0,0.0,0.0,0.0,0.0,0.0,0.0,0.0,62,6,6,0,35,20,41,26,62,6,6,0,35,20,41,26,0,0,0,0,0,0,0,0,36.8,43.3,54.6,65.5,36.8,43.2,54.6,65.2,36.8,43.3,54.6,65.5,36.8,43.2,54.6,65.2,0.0,0.0,0.0,0.0,0.0,0.0,0.0,0.0,(S&P 400 INDEX X $500),-151,-0.135426008969,LONG,-467,-0.0250066934404,LONG
29,"UNLEADED GASOLINE, N.Y. HARBOR - NEW YORK MERCANTILE EXCHANGE",2006-07-25,25.07.2006,338741,CME,0,138,11553,758,184,0,10217,11000,10975,11184,578,369,11553,758,184,0,10217,11000,10975,11184,578,369,0,0,0,0,0,0,0,0,0,0,-62.0,-20.0,59.0,0.0,14.0,-151.0,-6.0,-92.0,-56.0,30.0,100,6.6,1.6,0.0,88.4,95.2,95.0,96.8,5.0,3.2,100,6.6,1.6,0.0,88.4,95.2,95.0,96.8,5.0,3.2,100,0.0,0.0,0.0,0.0,0.0,0.0,0.0,0.0,0.0,58,4,4,0,34,17,38,21,58,4,4,0,34,17,38,21,0,0,0,0,0,0,0,0,50.1,67.0,63.7,86.6,50.1,67.0,63.7,86.0,50.1,67.0,63.7,86.6,50.1,67.0,63.7,86.0,0.0,0.0,0.0,0.0,0.0,0.0,0.0,0.0,(S&P 400 INDEX X $500),574,0.609341825902,SHORT,-783,-0.036904369138,LONG
30,"UNLEADED GASOLINE, N.Y. HARBOR - NEW YORK MERCANTILE EXCHANGE",2006-08-01,01.08.2006,33874A,CME,0,138,73426,9352,32781,369,52947,37526,62668,70676,10758,2750,73426,9352,32781,369,52947,37526,62668,70676,10758,2750,0,0,0,0,0,0,0,0,0,0,854.0,1255.0,-111.0,342.0,-994.0,1509.0,603.0,1740.0,251.0,-886.0,100,12.7,44.6,0.5,72.1,51.1,85.3,96.3,14.7,3.7,100,12.7,44.6,0.5,72.1,51.1,85.3,96.3,14.7,3.7,100,0.0,0.0,0.0,0.0,0.0,0.0,0.0,0.0,0.0,71,11,9,2,30,29,43,39,71,11,9,2,30,29,43,39,0,0,0,0,0,0,0,0,36.3,49.2,53.8,65.9,35.7,49.2,52.2,65.8,36.3,49.2,53.8,65.9,35.7,49.2,52.2,65.8,0.0,0.0,0.0,0.0,0.0,0.0,0.0,0.0,(S&P 400 INDEX X $100),-23429,-0.556072437282,LONG,15421,0.170448642136,SHORT
31,"UNLEADED GASOLINE, N.Y. HARBOR - NEW YORK MERCANTILE EXCHANGE",2006-08-08,08.08.2006,33874A,CME,0,138,22130,2789,3665,141,16354,15697,19284,19503,2846,2627,22130,2789,3665,141,16354,15697,19284,19503,2846,2627,0,0,0,0,0,0,0,0,0,0,1192.0,729.0,-435.0,45.0,145.0,1043.0,919.0,653.0,273.0,539.0,100,12.6,16.6,0.6,73.9,70.9,87.1,88.1,12.9,11.9,100,12.6,16.6,0.6,73.9,70.9,87.1,88.1,12.9,11.9,100,0.0,0.0,0.0,0.0,0.0,0.0,0.0,0.0,0.0,51,8,5,2,25,19,35,24,51,8,5,2,25,19,35,24,0,0,0,0,0,0,0,0,38.1,42.0,52.8,64.4,38.0,40.2,51.5,62.6,38.1,42.0,52.8,64.4,38.0,40.2,51.5,62.6,0.0,0.0,0.0,0.0,0.0,0.0,0.0,0.0,(S&P 400 INDEX X $100),-876,-0.135729779981,LONG,657,0.0204985803875,SHORT
32,"UNLEADED GASOLINE, N.Y. HARBOR - NEW YORK MERCANTILE EXCHANGE",2006-08-15,15.08.2006,33874A,CME,0,138,11519,4231,3449,0,5655,7250,9886,10699,1633,820,11519,4231,3449,0,5655,7250,9886,10699,1633,820,0,0,0,0,0,0,0,0,0,0,970.0,-97.0,959.0,-91.0,1101.0,254.0,913.0,1122.0,57.0,-152.0,100,36.7,29.9,0.0,49.1,62.9,85.8,92.9,14.2,7.1,100,36.7,29.9,0.0,49.1,62.9,85.8,92.9,14.2,7.1,100,0.0,0.0,0.0,0.0,0.0,0.0,0.0,0.0,0.0,25,5,5,0,8,8,13,13,25,5,5,0,8,8,13,13,0,0,0,0,0,0,0,0,68.7,63.6,80.1,81.7,68.7,63.6,80.1,81.7,68.7,63.6,80.1,81.7,68.7,63.6,80.1,81.7,0.0,0.0,0.0,0.0,0.0,0.0,0.0,0.0,(S&P 400 INDEX X $100),782,0.101822916667,SHORT,-1595,-0.123595505618,LONG
33,"UNLEADED GASOLINE, N.Y. HARBOR - NEW YORK MERCANTILE EXCHANGE",2006-08-22,22.08.2006,392661,NYCE,1,94,15865,12308,1158,0,3019,14633,15327,15791,538,74,15865,12308,1158,0,3019,14633,15327,15791,538,74,0,0,0,0,0,0,0,0,0,0,224.0,199.0,-400.0,0.0,-34.0,624.0,165.0,224.0,59.0,0.0,100,77.6,7.3,0.0,19.0,92.2,96.6,99.5,3.4,0.5,100,77.6,7.3,0.0,19.0,92.2,96.6,99.5,3.4,0.5,100,0.0,0.0,0.0,0.0,0.0,0.0,0.0,0.0,0.0,31,10,4,0,6,11,16,15,31,10,4,0,6,11,16,15,0,0,0,0,0,0,0,0,86.3,80.5,92.4,94.0,86.3,80.5,92.4,94.0,86.3,80.5,92.4,94.0,86.3,80.5,92.4,94.0,0.0,0.0,0.0,0.0,0.0,0.0,0.0,0.0,"(CONTRACTS OF 125,000 DEUTSCHE MARKS)",11150,0.828011287688,SHORT,-11614,-0.657942442783,LONG
34,"UNLEADED GASOLINE, N.Y. HARBOR - NEW YORK MERCANTILE EXCHANGE",2006-08-29,29.08.2006,392661,NYCE,1,94,1449,943,244,0,164,889,1107,1133,342,316,1449,943,244,0,164,889,1107,1133,342,316,0,0,0,0,0,0,0,0,0,0,488.0,314.0,53.0,0.0,0.0,334.0,314.0,387.0,174.0,101.0,100,65.1,16.8,0.0,11.3,61.4,76.4,78.2,23.6,21.8,100,65.1,16.8,0.0,11.3,61.4,76.4,78.2,23.6,21.8,100,0.0,0.0,0.0,0.0,0.0,0.0,0.0,0.0,0.0,14,5,2,0,3,4,8,6,14,5,2,0,3,4,8,6,0,0,0,0,0,0,0,0,57.8,69.5,76.4,78.2,57.8,69.5,76.4,78.2,57.8,69.5,76.4,78.2,57.8,69.5,76.4,78.2,0.0,0.0,0.0,0.0,0.0,0.0,0.0,0.0,"(CONTRACTS OF 125,000 DEUTSCHE MARKS)",699,0.588879528222,SHORT,-725,-0.688509021842,LONG
35,"UNLEADED GASOLINE, N.Y. HARBOR - NEW YORK MERCANTILE EXCHANGE",2006-09-05,05.09.2006,397661,NYCE,1,94,3287,1750,207,0,1139,3031,2889,3238,398,49,3287,1750,207,0,1139,3031,2889,3238,398,49,0,0,0,0,0,0,0,0,0,0,393.0,272.0,30.0,0.0,122.0,431.0,394.0,461.0,-1.0,-68.0,100,53.2,6.3,0.0,34.7,92.2,87.9,98.5,12.1,1.5,100,53.2,6.3,0.0,34.7,92.2,87.9,98.5,12.1,1.5,100,0.0,0.0,0.0,0.0,0.0,0.0,0.0,0.0,0.0,32,9,2,0,10,11,19,13,32,9,2,0,10,11,19,13,0,0,0,0,0,0,0,0,47.2,62.5,64.9,88.7,47.2,62.5,64.9,88.7,47.2,62.5,64.9,88.7,47.2,62.5,64.9,88.7,0.0,0.0,0.0,0.0,0.0,0.0,0.0,0.0,"(CONTRACTS OF 125,000 DEUTSCHE MARKS)",1543,0.788451711804,SHORT,-1892,-0.453717026379,LONG
36,"UNLEADED GASOLINE, N.Y. HARBOR - NEW YORK MERCANTILE EXCHANGE",2006-09-12,12.09.2006,397661,NYCE,1,94,5717,2382,244,0,2893,5261,5275,5505,442,212,5717,2382,244,0,2893,5261,5275,5505,442,212,0,0,0,0,0,0,0,0,0,0,56.0,-636.0,-1633.0,0.0,607.0,1759.0,-29.0,126.0,85.0,-70.0,100,41.7,4.3,0.0,50.6,92.0,92.3,96.3,7.7,3.7,100,41.7,4.3,0.0,50.6,92.0,92.3,96.3,7.7,3.7,100,0.0,0.0,0.0,0.0,0.0,0.0,0.0,0.0,0.0,23,4,2,0,8,10,12,12,23,4,2,0,8,10,12,12,0,0,0,0,0,0,0,0,72.9,56.5,89.5,85.2,72.9,56.5,89.5,85.2,72.9,56.5,89.5,85.2,72.9,56.5,89.5,85.2,0.0,0.0,0.0,0.0,0.0,0.0,0.0,0.0,"(CONTRACTS OF 125,000 DEUTSCHE MARKS)",2138,0.814166031988,SHORT,-2368,-0.290409614913,LONG
37,"UNLEADED GASOLINE, N.Y. HARBOR - NEW YORK MERCANTILE EXCHANGE",2006-09-19,19.09.2006,397742,CME,0,97,1099,0,173,0,1077,914,1077,1087,22,12,1099,0,173,0,1077,914,1077,1087,22,12,0,0,0,0,0,0,0,0,0,0,267.0,-30.0,133.0,0.0,342.0,163.0,312.0,296.0,-45.0,-29.0,100,0.0,15.7,0.0,98.0,83.2,98.0,98.9,2.0,1.1,100,0.0,15.7,0.0,98.0,83.2,98.0,98.9,2.0,1.1,100,0.0,0.0,0.0,0.0,0.0,0.0,0.0,0.0,0.0,9,0,2,0,4,3,4,5,9,0,2,0,4,3,4,5,0,0,0,0,0,0,0,0,98.0,96.2,98.0,98.9,98.0,96.2,98.0,98.9,98.0,96.2,98.0,98.9,98.0,96.2,98.0,98.9,0.0,0.0,0.0,0.0,0.0,0.0,0.0,0.0,"(CONTRACTS OF 125,000 DEUTSCHE MARKS)",-173,-1.0,LONG,163,0.0818684078353,SHORT
38,"UNLEADED GASOLINE, N.Y. HARBOR - NEW YORK MERCANTILE EXCHANGE",2006-09-26,26.09.2006,494661,NYCE,1,94,9508,2821,2067,3,6237,7323,9061,9393,447,115,9508,2821,2067,3,6237,7323,9061,9393,447,115,0,0,0,0,0,0,0,0,0,0,1588.0,1552.0,-2797.0,-51.0,-217.0,4441.0,1284.0,1593.0,304.0,-5.0,100,29.7,21.7,0.0,65.6,77.0,95.3,98.8,4.7,1.2,100,29.7,21.7,0.0,65.6,77.0,95.3,98.8,4.7,1.2,100,0.0,0.0,0.0,0.0,0.0,0.0,0.0,0.0,0.0,23,8,2,1,6,7,15,9,23,8,2,1,6,7,15,9,0,0,0,0,0,0,0,0,67.2,85.5,88.8,97.7,67.2,85.4,88.8,97.7,67.2,85.5,88.8,97.7,67.2,85.4,88.8,97.7,0.0,0.0,0.0,0.0,0.0,0.0,0.0,0.0,"(CONTRACTS OF 125,000 DEUTSCHE MARKS)",754,0.154255319149,SHORT,-1086,-0.0800884955752,LONG
39,"UNLEADED GASOLINE, N.Y. HARBOR - NEW YORK MERCANTILE EXCHANGE",2006-10-03,03.10.2006,494661,NYCE,1,94,468,155,234,0,241,143,396,377,72,91,468,155,234,0,241,143,396,377,72,91,0,0,0,0,0,0,0,0,0,0,76.0,0.0,-1.0,0.0,4.0,71.0,4.0,70.0,72.0,6.0,100,33.1,50.0,0.0,51.5,30.6,84.6,80.6,15.4,19.4,100,33.1,50.0,0.0,51.5,30.6,84.6,80.6,15.4,19.4,100,0.0,0.0,0.0,0.0,0.0,0.0,0.0,0.0,0.0,8,2,1,0,2,3,4,4,8,2,1,0,2,3,4,4,0,0,0,0,0,0,0,0,84.6,80.6,84.6,80.6,84.6,80.6,84.6,80.6,84.6,80.6,84.6,80.6,84.6,80.6,84.6,80.6,0.0,0.0,0.0,0.0,0.0,0.0,0.0,0.0,"(CONTRACTS OF 125,000 DEUTSCHE MARKS)",-79,-0.203084832905,LONG,98,0.255208333333,SHORT
40,"UNLEADED GASOLINE, N.Y. HARBOR - NEW YORK MERCANTILE EXCHANGE",2006-10-10,10.10.2006,594661,NYCE,1,94,8033,7523,402,0,270,7602,7793,8004,240,29,8033,7523,402,0,270,7602,7793,8004,240,29,0,0,0,0,0,0,0,0,0,0,-179.0,-137.0,0.0,0.0,-23.0,-160.0,-160.0,-160.0,-19.0,-19.0,100,93.7,5.0,0.0,3.4,94.6,97.0,99.6,3.0,0.4,100,93.7,5.0,0.0,3.4,94.6,97.0,99.6,3.0,0.4,100,0.0,0.0,0.0,0.0,0.0,0.0,0.0,0.0,0.0,21,8,1,0,5,7,13,8,21,8,1,0,5,7,13,8,0,0,0,0,0,0,0,0,90.2,91.3,94.5,99.6,90.2,91.3,94.5,99.6,90.2,91.3,94.5,99.6,90.2,91.3,94.5,99.6,0.0,0.0,0.0,0.0,0.0,0.0,0.0,0.0,"(CONTRACTS OF DM 500,000)",7121,0.898548895899,SHORT,-7332,-0.931402439024,LONG
41,"UNLEADED GASOLINE, N.Y. HARBOR - NEW YORK MERCANTILE EXCHANGE",2006-10-17,17.10.2006,594661,NYCE,1,94,3347,901,1629,0,2314,1446,3215,3075,132,272,3347,901,1629,0,2314,1446,3215,3075,132,272,0,0,0,0,0,0,0,0,0,0,-33.0,545.0,101.0,0.0,-598.0,-164.0,-53.0,-63.0,20.0,30.0,100,26.9,48.7,0.0,69.1,43.2,96.1,91.9,3.9,8.1,100,26.9,48.7,0.0,69.1,43.2,96.1,91.9,3.9,8.1,100,0.0,0.0,0.0,0.0,0.0,0.0,0.0,0.0,0.0,20,2,3,0,8,8,10,11,20,2,3,0,8,8,10,11,0,0,0,0,0,0,0,0,75.1,76.9,93.5,88.6,69.6,66.1,79.5,74.7,75.1,76.9,93.5,88.6,69.6,66.1,79.5,74.7,0.0,0.0,0.0,0.0,0.0,0.0,0.0,0.0,"(CONTRACTS OF DM 500,000)",-728,-0.287747035573,LONG,868,0.23085106383,SHORT
42,"UNLEADED GASOLINE, N.Y. HARBOR - NEW YORK MERCANTILE EXCHANGE",2006-10-24,24.10.2006,597741,CME,0,597,55401,4477,10222,3577,25544,32305,33598,46104,21803,9297,55401,4477,10222,3577,25544,32305,33598,46104,21803,9297,0,0,0,0,0,0,0,0,0,0,6106.0,-185.0,2797.0,-100.0,609.0,929.0,324.0,3626.0,5782.0,2480.0,100,8.1,18.5,6.5,46.1,58.3,60.6,83.2,39.4,16.8,100,8.1,18.5,6.5,46.1,58.3,60.6,83.2,39.4,16.8,100,0.0,0.0,0.0,0.0,0.0,0.0,0.0,0.0,0.0,53,4,11,7,28,30,36,44,53,4,11,7,28,30,36,44,0,0,0,0,0,0,0,0,26.4,28.0,41.3,45.0,19.6,21.5,26.8,35.3,26.4,28.0,41.3,45.0,19.6,21.5,26.8,35.3,0.0,0.0,0.0,0.0,0.0,0.0,0.0,0.0,"(CONTRACTS OF Y100,000,000 FACE VALUE)",-5745,-0.390842914484,LONG,-6761,-0.11687323895,LONG
43,"UNLEADED GASOLINE, N.Y. HARBOR - NEW YORK MERCANTILE EXCHANGE",2006-10-31,31.10.2006,597741,CME,0,597,130458,1745,6278,464,50050,82991,52259,89733,78199,40725,130458,1745,6278,464,50050,82991,52259,89733,78199,40725,0,0,0,0,0,0,0,0,0,0,27628.0,-405.0,870.0,50.0,13951.0,11950.0,13596.0,12870.0,14032.0,14758.0,100,1.3,4.8,0.4,38.4,63.6,40.1,68.8,59.9,31.2,100,1.3,4.8,0.4,38.4,63.6,40.1,68.8,59.9,31.2,100,0.0,0.0,0.0,0.0,0.0,0.0,0.0,0.0,0.0,48,4,11,4,14,29,22,41,48,4,11,4,14,29,22,41,0,0,0,0,0,0,0,0,35.7,49.5,38.2,57.7,2.3,17.3,3.0,24.2,35.7,49.5,38.2,57.7,2.3,17.3,3.0,24.2,0.0,0.0,0.0,0.0,0.0,0.0,0.0,0.0,"(CONTRACTS OF Y100,000,000 FACE VALUE)",-4533,-0.565000623208,LONG,-32941,-0.247600363798,LONG
44,"UNLEADED GASOLINE, N.Y. HARBOR - NEW YORK MERCANTILE EXCHANGE",2006-11-07,07.11.2006,597741,CME,0,597,27156,250,2453,160,10823,13681,11233,16294,15923,10862,27156,250,2453,160,10823,13681,11233,16294,15923,10862,0,0,0,0,0,0,0,0,0,0,-5.0,0.0,-390.0,150.0,-768.0,688.0,-618.0,448.0,613.0,-453.0,100,0.9,9.0,0.6,39.9,50.4,41.4,60.0,58.6,40.0,100,0.9,9.0,0.6,39.9,50.4,41.4,60.0,58.6,40.0,100,0.0,0.0,0.0,0.0,0.0,0.0,0.0,0.0,0.0,27,1,8,1,13,12,15,20,27,1,8,1,13,12,15,20,0,0,0,0,0,0,0,0,27.0,33.2,36.3,49.1,18.4,28.5,22.5,37.2,27.0,33.2,36.3,49.1,18.4,28.5,22.5,37.2,0.0,0.0,0.0,0.0,0.0,0.0,0.0,0.0,"(CONTRACTS OF Y100,000,000 FACE VALUE)",-2203,-0.815020347762,LONG,-2858,-0.116634018936,LONG
45,"UNLEADED GASOLINE, N.Y. HARBOR - NEW YORK MERCANTILE EXCHANGE",2006-11-14,14.11.2006,597741,CME,0,597,72243,1794,3352,5315,35527,43172,42636,51839,29607,20404,72243,1794,3352,5315,35527,43172,42636,51839,29607,20404,0,0,0,0,0,0,0,0,0,0,1735.0,82.0,544.0,391.0,2377.0,86.0,2850.0,1021.0,-1115.0,714.0,100,2.5,4.6,7.4,49.2,59.8,59.0,71.8,41.0,28.2,100,2.5,4.6,7.4,49.2,59.8,59.0,71.8,41.0,28.2,100,0.0,0.0,0.0,0.0,0.0,0.0,0.0,0.0,0.0,55,7,11,8,27,24,39,40,55,7,11,8,27,24,39,40,0,0,0,0,0,0,0,0,30.8,45.5,40.1,54.8,14.9,28.2,19.9,33.2,30.8,45.5,40.1,54.8,14.9,28.2,19.9,33.2,0.0,0.0,0.0,0.0,0.0,0.0,0.0,0.0,"(CONTRACTS OF Y100,000,000 FACE VALUE)",-1558,-0.302759424796,LONG,-7645,-0.0971422762678,LONG
46,"UNLEADED GASOLINE, N.Y. HARBOR - NEW YORK MERCANTILE EXCHANGE",2006-11-21,21.11.2006,597741,CME,0,597,61899,2277,4356,2368,15632,36701,20277,43425,41622,18474,46329,2532,4200,1066,11534,24701,15132,29967,31197,16362,15570,136,547,911,4098,12000,5145,13458,10425,2112,-14710.0,-906.0,-260.0,-292.0,-2114.0,-9114.0,-3312.0,-9666.0,-11398.0,-5044.0,100,3.7,7.0,3.8,25.3,59.3,32.8,70.2,67.2,29.8,100,5.5,9.1,2.3,24.9,53.3,32.7,64.7,67.3,35.3,100,0.9,3.5,5.9,26.3,77.1,33.0,86.4,67.0,13.6,108,8,61,20,23,26,50,94,99,9,57,15,19,22,41,85,29,3,5,5,12,12,19,20,16.4,42.6,22.4,51.3,7.6,36.6,10.2,42.4,17.6,36.9,23.5,47.9,12.3,30.4,15.6,38.4,18.8,64.2,26.3,77.3,15.5,59.6,17.9,68.0,"(CONTRACTS OF Y100,000,000 FACE VALUE)",-2079,-0.313432835821,LONG,-21069,-0.402594920987,LONG
47,"UNLEADED GASOLINE, N.Y. HARBOR - NEW YORK MERCANTILE EXCHANGE",2006-11-28,28.11.2006,597741,CME,0,597,48282,465,3586,6948,20508,24344,27921,34878,20361,13404,33087,4301,3001,2331,14553,17190,21185,22522,11902,10565,15195,49,4470,732,5955,7154,6736,12356,8459,2839,6211.0,-141.0,161.0,4963.0,2457.0,1698.0,7279.0,6822.0,-1068.0,-611.0,100,1.0,7.4,14.4,42.5,50.4,57.8,72.2,42.2,27.8,100,13.0,9.1,7.0,44.0,52.0,64.0,68.1,36.0,31.9,100,0.3,29.4,4.8,39.2,47.1,44.3,81.3,55.7,18.7,94,6,31,9,35,44,47,81,87,8,27,6,31,34,41,67,34,1,8,4,13,21,17,30,25.5,24.7,36.1,39.5,13.5,15.7,18.4,22.4,29.9,26.3,42.2,42.7,19.1,21.5,26.7,29.5,27.0,40.7,37.1,54.8,23.5,38.7,28.2,51.4,"(CONTRACTS OF Y100,000,000 FACE VALUE)",-3121,-0.770427055048,LONG,-3836,-0.0855257290645,LONG
48,"UNLEADED GASOLINE, N.Y. HARBOR - NEW YORK MERCANTILE EXCHANGE",2006-12-05,05.12.2006,599661,NYCE,1,99,7891,0,4030,0,6513,1242,6513,5272,1378,2619,7891,0,4030,0,6513,1242,6513,5272,1378,2619,0,0,0,0,0,0,0,0,0,0,-414.0,0.0,-266.0,0.0,-265.0,25.0,-265.0,-241.0,-149.0,-173.0,100,0.0,51.1,0.0,82.5,15.7,82.5,66.8,17.5,33.2,100,0.0,51.1,0.0,82.5,15.7,82.5,66.8,17.5,33.2,100,0.0,0.0,0.0,0.0,0.0,0.0,0.0,0.0,0.0,11,0,2,0,7,2,7,4,11,0,2,0,7,2,7,4,0,0,0,0,0,0,0,0,68.0,66.8,82.5,66.8,68.0,66.8,82.5,66.8,68.0,66.8,82.5,66.8,68.0,66.8,82.5,66.8,0.0,0.0,0.0,0.0,0.0,0.0,0.0,0.0,"(CONTRACTS OF EURO 100,000)",-4030,-1.0,LONG,5271,0.679690522244,SHORT
